timestamp_us,rssi,num_subcarriers,amp_0,amp_1,amp_2,amp_3,amp_4,amp_5,amp_6,amp_7,amp_8,amp_9,amp_10,amp_11,amp_12,amp_13,amp_14,amp_15,amp_16,amp_17,amp_18,amp_19,amp_20,amp_21,amp_22,amp_23,amp_24,amp_25,amp_26,amp_27,amp_28,amp_29,amp_30,amp_31,amp_32,amp_33,amp_34,amp_35,amp_36,amp_37,amp_38,amp_39,amp_40,amp_41,amp_42,amp_43,amp_44,amp_45,amp_46,amp_47,amp_48,amp_49,amp_50,amp_51
0,-69,52,15.2376,16.0019,16.9966,18.3199,18.4364,18.9773,20.5734,21.1512,21.7909,22.1229,22.4106,22.7652,23.079,23.4124,22.7383,22.7085,22.0176,21.7931,22.1266,21.0103,20.2174,19.2853,19.1393,18.461,16.846,16.0775,15.4776,14.3679,12.6528,11.833,11.235,10.0866,9.9835,8.9627,7.8818,7.7351,7.0811,6.828,6.6441,6.7812,7.2652,7.2937,7.4899,8.035,8.4311,9.1495,9.6205,10.8752,11.0917,12.3798,13.145,14.2645
20000,-70,52,14.8577,15.8479,16.8911,17.6592,18.0596,20.1669,20.061,20.6931,21.3534,21.5545,22.5153,22.554,23.1976,23.0523,22.9187,22.9728,23.0545,21.8683,21.4108,21.3904,19.7776,19.9503,18.4903,17.897,16.9227,16.3494,14.9682,14.4321,13.3281,11.9818,11.4814,11.476,9.5643,9.0041,8.5544,7.9585,7.1497,6.8508,6.9624,7.0511,6.3227,7.9094,6.7346,7.7711,8.4454,8.9769,9.612,10.0092,11.0522,12.1087,12.9931,13.9227
40000,-59,52,15.0132,15.9846,16.8311,17.3657,19.2182,19.4552,20.1628,20.9812,21.1774,21.6756,22.2806,22.7579,22.8166,23.1268,23.5913,22.5721,22.8336,21.8849,21.4381,20.9985,19.7369,20.2056,18.7953,17.6288,16.9368,16.352,15.4284,14.2669,13.4195,11.4047,11.1299,10.4237,9.3046,8.3989,8.6029,8.2328,6.9125,6.7515,7.5123,6.7826,6.8835,6.7919,7.1593,8.1818,7.9658,9.4713,9.479,10.5234,11.3391,12.1874,12.7084,13.9028
60000,-72,52,15.3822,16.1471,17.0005,18.4827,18.7909,19.4557,20.3386,21.4329,21.6195,22.2395,22.8388,22.6137,22.4237,23.0898,23.0106,22.5851,22.7415,22.2659,21.2854,21.1436,20.2461,19.0996,18.8537,17.8233,16.6909,16.1212,15.1464,13.8624,13.2056,12.4677,11.0684,10.5697,9.6958,9.6917,7.8574,8.1249,7.428,7.2024,7.6288,6.9974,7.7306,7.0998,7.625,7.7691,8.2089,9.0307,9.6102,10.5162,10.6507,12.7639,13.0354,14.5586
80000,-58,52,14.8982,16.4163,16.8504,17.3161,18.5356,19.2498,20.3825,21.1835,22.0406,22.2595,22.7215,22.8648,23.2663,23.1058,23.2645,22.5884,22.8148,22.2086,21.6511,20.8972,20.8483,19.7917,18.1295,18.2433,16.5572,15.797,15.1202,14.0664,12.8726,11.8397,11.1878,10.6687,9.5691,8.7838,8.4006,8.0745,7.3174,6.9698,7.6925,6.6968,7.4756,7.2569,7.3928,7.8633,8.0698,8.9285,9.8822,10.661,11.4861,12.2572,13.0152,14.3501
100000,-55,52,14.8812,15.5691,17.3502,17.8018,19.2701,19.5717,20.1698,21.4097,21.7333,22.0233,22.587,22.8622,22.7157,22.9215,22.5644,22.4755,22.6024,22.4912,21.5534,21.3341,20.7857,19.2193,18.9812,18.0094,16.9103,15.9892,15.0565,13.6123,13.0485,12.6551,10.9818,10.3544,9.8135,9.0191,8.8981,7.4812,6.974,7.0717,6.9108,6.9158,7.2376,7.4174,7.9507,7.5991,8.8277,8.5188,9.7514,10.6757,11.6992,12.4774,13.3142,13.8318
120000,-68,52,15.197,15.8651,17.1957,18.2957,18.8546,19.8219,20.5978,21.6039,21.6463,21.781,22.2443,22.3392,22.9437,23.1767,22.8529,22.4866,22.8086,22.1652,21.7932,21.6264,19.9791,19.9951,18.8649,17.6827,16.7525,15.7089,14.9797,14.1477,13.1262,11.8871,10.8304,10.4288,9.8444,8.7881,9.0211,8.0223,7.492,7.627,7.1417,6.9914,6.8313,7.0749,7.5928,7.6035,8.5641,8.9972,9.8523,10.3405,11.5909,12.2516,12.546,13.9678
140000,-66,52,14.9249,16.0504,16.7767,17.6063,18.4902,20.0805,20.2571,20.7391,21.472,22.37,22.2747,22.9121,23.16,23.2247,23.3616,22.6024,22.8199,21.8458,21.4649,21.3469,20.5517,19.5451,18.3604,18.0053,16.7254,15.6871,14.8056,14.1097,12.4492,12.2714,11.3344,10.2801,10.0061,9.1953,8.2342,7.7153,7.7284,6.7776,6.9585,6.8107,7.0793,7.2958,7.5309,8.2568,8.4845,8.9174,9.3318,10.672,11.4407,12.5984,12.8612,14.0436
160000,-72,52,15.465,15.5925,17.3062,17.4936,18.8232,20.0759,20.1932,20.6719,20.9569,21.8472,22.5962,22.8784,22.5815,23.0814,22.6973,22.6727,22.4908,21.7595,21.8353,20.4072,19.7194,19.8349,18.5512,17.8957,17.126,15.7135,15.0064,13.4615,12.9966,12.6758,11.0614,10.4769,9.2541,9.1869,8.4425,8.1865,7.6161,7.1559,7.2304,7.2394,7.1777,7.403,7.2885,8.0534,8.311,9.0348,9.8433,10.197,11.3722,11.4438,13.6994,14.1114
180000,-60,52,14.29,16.0677,16.8248,18.1213,19.1609,19.1856,19.8303,20.8719,21.7814,21.4741,22.2413,22.7852,22.6452,23.0268,22.6798,22.2991,22.3873,21.5164,22.3215,20.5798,19.6662,19.4054,18.347,17.5953,17.1888,16.1241,15.1273,13.8947,13.0684,12.4298,11.0209,10.5319,9.8713,8.8457,8.7154,7.8216,7.6919,6.9413,7.0577,6.9019,7.2624,7.1689,8.2043,8.2312,8.4891,9.0308,9.7048,11.029,11.122,12.0102,12.9396,14.0602
200000,-66,52,14.7747,16.0146,16.6364,18.1372,19.183,19.4366,20.3362,20.8114,21.4363,22.4494,22.8344,22.5978,23.1854,22.841,23.1278,22.6958,22.0069,21.7745,21.6047,21.4513,20.1599,19.9763,18.9007,17.334,16.835,15.9293,14.5677,13.9455,13.4787,12.3451,11.5944,10.4804,9.3758,9.0316,8.0064,8.398,7.3525,7.2757,7.2214,7.3258,6.8154,6.896,7.9731,7.6658,7.8689,9.1347,9.4738,10.3102,11.302,12.8636,13.0261,14.3587
220000,-58,52,14.5966,15.7749,16.7336,18.1368,18.5603,19.8536,20.163,21.1715,21.509,22.4806,22.7589,22.5061,22.7474,22.9796,22.9583,23.0735,22.2709,22.0081,21.116,21.0589,20.252,19.5624,18.634,18.1305,16.9332,16.407,14.7409,14.315,12.523,13.0048,11.0167,10.3685,9.4491,9.0855,8.4746,8.3923,7.3219,7.6856,7.4959,6.8605,7.2348,7.6911,7.4535,8.3112,8.442,8.6084,10.258,10.3862,11.2009,12.4351,12.9336,14.4813
240000,-68,52,14.8765,16.7666,16.4765,17.6842,19.1416,19.9752,19.6968,21.023,21.282,21.9321,22.3018,22.8375,23.6187,23.2265,22.3896,22.8453,22.3846,22.1524,21.5154,20.9157,20.5334,19.8556,18.3998,18.7409,17.2898,16.3099,14.5834,13.707,13.141,12.5237,10.9734,10.5547,10.2763,8.3108,8.2736,8.3092,7.1397,6.9194,7.2521,6.9338,7.1652,7.6602,7.6221,8.071,8.4357,9.0219,9.3116,10.5787,11.2264,12.3736,12.9606,13.5852
260000,-58,52,15.1972,16.0589,16.866,18.3656,18.2602,19.255,20.3527,21.1283,21.6107,22.2519,22.4638,22.9329,23.4369,23.1948,22.4791,22.453,22.764,21.9303,21.3333,21.038,20.1093,19.682,18.4059,17.7568,16.4007,15.6005,14.9604,13.6295,13.2989,12.1982,11.0095,9.9261,9.6426,8.9799,8.4677,7.3619,7.068,6.9978,7.2227,7.3236,6.8319,7.3185,7.8408,7.9102,8.7268,8.2845,9.3931,10.5131,11.2213,12.2904,13.2497,14.2975
280000,-57,52,14.8281,16.6665,17.062,17.4875,18.4675,19.6175,19.9517,21.7005,21.2866,22.2879,22.9182,22.7348,22.6429,22.9181,23.0503,23.0303,22.4971,21.6636,21.5966,20.7861,19.65,19.3352,18.2881,18.0129,17.4978,16.5219,14.828,13.8955,13.2921,12.4815,11.1566,10.4127,10.3571,8.9797,8.2705,7.9523,7.6938,6.926,6.9838,6.6501,6.9748,7.7955,7.7424,7.8886,8.1362,8.9185,10.0102,10.287,11.7173,11.7511,12.9985,14.5585
300000,-59,52,14.7173,16.4105,16.9122,17.8582,18.6321,18.9791,19.9188,20.776,21.8001,21.8392,22.2117,22.794,22.9653,22.709,23.4941,22.5196,22.7001,22.0569,21.1458,21.3843,20.0826,19.6841,18.0637,17.949,16.2568,16.5724,15.1147,13.6152,13.5334,12.7971,11.828,11.0099,9.627,9.132,8.4934,7.8026,7.5645,7.2043,7.4329,7.4777,7.1745,7.2103,7.5662,7.6855,8.2003,8.8007,9.9294,10.5849,11.1127,11.8337,13.4893,13.916
320000,-57,52,15.0564,15.906,17.2997,18.0134,19.6285,19.0507,20.2985,20.6681,21.9303,22.3302,22.7063,22.5343,22.7181,22.3911,23.4545,22.92,22.4019,22.3637,21.8091,21.2807,19.8179,19.3304,18.7764,17.9435,17.2017,15.6617,15.0382,14.6973,13.2931,12.4243,11.2765,10.6858,10.2362,9.0439,8.7833,7.6538,7.6969,7.5037,6.8327,7.3294,6.8558,6.9909,7.5195,8.4959,8.5089,9.2926,9.4755,10.4787,10.9292,11.9918,13.3362,14.0242
340000,-60,52,14.9406,16.3473,16.7199,17.3809,19.1082,19.6688,19.6554,21.0014,21.4627,22.6071,22.2614,22.5933,22.6686,22.6838,22.7315,22.3368,22.1708,21.6017,21.1347,20.5202,20.1486,19.3394,18.3498,17.9803,16.9001,15.8347,14.8608,14.5136,13.1574,12.3058,10.5064,10.2594,9.0437,8.8841,8.5281,7.7141,7.6755,6.9256,7.2311,6.5339,6.9798,7.3584,7.6806,7.8782,8.998,8.8876,9.5597,9.6276,11.8129,12.0525,12.7327,14.432
360000,-72,52,14.986,16.1178,16.5763,18.2035,18.6954,19.8375,20.1187,20.767,21.4298,21.7819,21.955,22.2772,22.7479,23.3633,22.6861,22.4265,22.0256,22.1874,21.4955,20.8676,20.3843,19.5677,18.8668,17.833,16.9501,16.3352,14.779,14.2217,13.5255,12.0183,10.8957,10.3557,9.6035,8.3942,8.0965,7.4465,6.9895,6.761,6.973,7.4513,7.1248,7.551,7.5447,8.2,8.7011,8.9776,10.0469,10.2055,11.506,12.2527,13.8028,13.8905
380000,-58,52,15.1737,16.0771,16.4035,17.2231,18.9745,19.629,20.8313,20.9511,21.7407,22.626,22.1044,22.6344,23.026,22.7984,23.0223,22.2448,22.281,21.9465,22.4677,20.8991,19.785,19.4103,19.1818,18.2203,17.1056,16.1724,15.0956,13.6473,13.3199,12.1865,11.5015,10.6797,9.7772,9.0831,8.1466,8.0072,7.2462,7.0498,7.132,7.408,6.9648,6.5827,7.3822,7.7027,8.3693,8.9528,10.2766,10.4503,11.1539,12.2272,13.0094,13.7199
400000,-70,52,14.9256,16.1171,17.2091,18.1359,18.3108,19.3026,20.0084,21.2634,21.4848,22.4256,21.998,22.9937,23.2709,23.2881,23.2148,22.5036,22.6912,21.8457,21.8204,20.7876,20.4464,19.277,18.6846,17.5792,16.8264,16.1769,15.4378,13.9043,12.956,12.1843,11.5564,10.6185,9.6852,8.7224,8.4883,7.9933,7.891,7.1287,6.9097,6.7296,7.5588,6.7232,6.9291,8.2271,8.6504,9.0904,9.6414,10.5851,11.1085,12.1551,12.5075,14.1007
420000,-61,52,15.162,15.7272,16.9455,17.4461,18.9217,19.0021,20.8521,20.8998,21.2585,21.8019,23.1609,22.8809,23.055,22.7922,23.1395,23.1909,22.3811,22.3385,22.1893,21.0113,20.0273,19.4216,18.9847,18.1674,17.4021,16.0594,15.068,14.3413,12.9296,12.4058,11.19,9.9441,9.5798,8.9598,8.5822,7.9733,7.1883,6.9295,6.9972,7.4376,6.7356,7.2616,7.4469,8.4141,8.6563,9.2205,9.6013,10.8976,10.8388,12.2005,13.3742,14.1204
440000,-71,52,15.2538,15.9766,16.9538,17.995,18.7085,19.8119,20.8018,21.0122,21.7159,22.3457,22.3787,22.429,23.2135,22.5294,23.4783,23.0287,22.5364,22.099,22.1093,20.7042,19.9569,19.3651,18.6392,17.5349,16.9607,16.0051,14.7558,14.5166,12.6679,11.7801,11.3951,10.3932,9.8203,8.8262,8.1061,7.7227,7.3148,7.39,6.9143,7.2284,7.2348,7.5446,7.7901,8.1517,8.6471,8.8569,9.6165,9.9064,11.3697,11.961,13.2059,14.194
460000,-68,52,15.0281,15.5272,17.1428,18.3002,18.2154,19.5631,20.3253,20.6612,21.9276,21.9062,22.203,22.452,23.2189,22.6826,23.0074,22.8592,22.2419,22.1742,21.5681,21.0889,20.0466,19.5326,18.6198,17.8674,16.9734,15.8599,15.388,13.5914,12.8178,11.9272,10.9112,10.544,9.8608,8.3957,7.8966,8.0861,7.367,7.0169,6.8888,7.0262,7.1881,7.2856,7.7416,7.7534,8.3371,8.6653,9.8009,10.6556,10.9838,12.2862,12.9109,14.0106
480000,-61,52,15.2584,15.8178,16.9838,17.39,19.1186,19.6814,20.1689,21.2194,21.3067,21.978,22.4728,23.3535,23.3391,22.9096,23.0141,22.8678,22.1346,21.5109,21.4219,21.3954,20.2223,19.4103,18.6855,17.7148,16.5128,15.8084,14.9257,14.1739,12.873,11.4675,11.9442,10.4437,10.0671,9.2596,8.3587,7.9133,7.2534,7.9198,6.7796,7.4288,7.5521,8.5269,7.6612,8.1241,8.5009,8.665,9.2188,10.3339,10.8465,12.0898,13.3823,13.744
500000,-60,52,15.1072,16.1205,16.7669,17.4436,19.1103,19.2692,20.5798,21.0655,21.4333,21.3052,22.0951,22.4466,22.9878,22.7859,22.9946,23.5445,22.6193,21.4493,21.7395,21.4122,20.0128,19.4061,18.7812,17.3201,16.6021,15.9586,15.1051,14.2062,12.6031,11.7906,11.6073,10.5661,9.2119,9.5186,8.3293,7.5656,7.6088,7.3211,7.2334,7.277,6.4946,7.1851,8.0726,8.2755,8.6699,8.4424,9.9765,10.3241,11.0512,12.339,12.992,14.1169
520000,-65,52,15.6826,16.0865,17.1455,17.4686,18.7598,19.3868,20.1753,21.5375,21.5294,21.929,22.3899,22.4529,23.0635,23.004,22.9205,23.3366,22.0191,21.9377,21.4404,20.9628,20.2448,19.7912,19.0168,17.9294,17.0048,15.6452,15.4995,14.4535,13.0406,12.132,11.06,10.4339,9.892,9.2612,8.249,7.7694,7.1361,7.4544,7.7568,7.4167,7.3923,7.3837,6.6257,7.8752,8.1347,8.9123,9.2762,10.535,11.5101,12.1359,13.6115,14.0896
540000,-61,52,15.0245,16.4025,17.2296,18.077,18.7245,19.3841,20.1415,21.2064,21.2314,21.642,22.1435,21.994,22.7531,23.0256,23.2568,23.1243,22.5574,22.0551,21.7429,21.4946,20.5018,19.3727,18.6063,18.1179,17.0503,15.6528,15.4215,14.1344,12.9511,12.7451,11.7007,10.5851,9.6169,9.5439,8.1364,8.0334,6.8219,7.5101,6.9559,7.1635,6.9561,6.9642,7.5891,7.6904,8.69,9.1684,8.8082,10.8687,11.3881,12.3899,13.2992,14.1964
560000,-63,52,14.8583,16.3465,16.5041,18.0423,18.6652,19.6154,20.4965,20.7842,21.8242,22.0809,23.2037,22.6763,23.3224,23.1941,22.5894,23.1757,22.162,21.414,21.8399,21.3088,20.3206,19.4662,19.1929,18.0504,16.7178,16.1838,14.627,13.868,12.7701,11.5032,10.929,10.8222,9.3657,8.8469,8.0678,8.176,7.5202,7.3797,7.0266,6.6487,6.7661,7.4836,7.5026,8.1487,7.4674,9.3449,9.5468,11.1073,11.129,12.1716,13.2836,13.773
580000,-58,52,15.5471,15.9549,17.7771,17.6585,18.4849,19.1343,20.0687,20.9113,21.5296,22.2507,22.3631,22.3168,23.0721,23.2525,23.0819,23.6265,22.5377,21.8708,21.3002,20.9987,20.0024,19.3968,18.8751,17.82,16.9972,15.8907,14.6177,14.3203,12.7797,12.2044,10.9517,10.6669,9.8799,9.1975,8.7163,8.0673,7.3636,7.2153,7.2393,6.6661,6.6217,6.9638,7.7642,8.1734,8.799,8.5949,9.4412,10.4265,11.6504,12.7596,13.1973,14.7554
600000,-56,52,15.4583,15.6085,16.9129,18.2628,18.5705,19.4958,20.1843,21.3383,21.4016,22.0807,22.6422,22.7053,22.6817,22.5975,22.4862,22.4136,21.964,21.8656,21.6739,21.0043,20.057,19.2391,18.4198,17.4205,16.5438,16.1786,14.5786,14.0409,12.9001,12.8915,10.7431,10.5135,9.5949,8.7806,8.5107,7.963,7.1992,7.3603,7.1751,7.3928,6.8753,7.6736,7.4608,7.3235,8.5731,8.9874,9.4303,10.7355,11.1407,12.4682,13.0607,14.2608
620000,-69,52,15.6872,16.1905,17.1198,17.6016,19.3471,19.3942,20.5764,20.344,21.5488,21.8922,23.0174,23.6065,22.3384,23.1276,22.8114,22.7697,22.2203,22.2898,21.607,21.3844,20.5375,19.6179,18.2456,17.5049,16.7994,15.7468,15.1429,14.0431,13.2422,12.3385,11.0795,10.6832,9.7883,9.0392,8.1527,7.8085,7.4487,7.5203,6.6976,7.1163,7.2494,6.8594,7.3992,7.8152,8.6542,9.1774,10.077,10.4237,11.171,12.2884,12.8424,13.8533
640000,-71,52,15.1563,16.01,16.7451,18.1315,18.3231,19.6539,20.0388,20.9621,21.4484,21.9671,22.9712,22.7385,22.859,23.2588,23.1164,22.4415,22.4152,21.8388,21.6993,20.7247,19.9187,18.8002,18.2546,17.568,16.8438,15.5119,15.3356,14.0924,13.5986,12.0554,11.3467,10.0669,9.624,8.6212,8.6185,8.2872,7.0997,6.8392,7.3299,7.363,7.774,7.3763,7.5651,7.9537,8.3491,9.1703,9.5824,10.1684,11.3877,11.4963,13.4268,13.6849
660000,-71,52,14.9005,15.6154,15.9283,17.44,18.4287,19.584,20.6256,20.8986,21.2149,22.0057,22.2092,22.2285,22.7135,22.5091,22.9106,23.1113,22.7141,22.0194,21.3694,21.6699,20.817,19.4872,18.5894,17.3959,16.5724,15.988,14.3496,13.7759,13.0417,11.9199,10.946,10.2882,9.9334,8.8289,8.1254,8.3434,7.5731,7.3025,7.1753,6.9663,7.4476,7.0311,7.5164,7.7082,8.5284,8.8014,9.4741,10.3647,11.6636,12.4756,13.092,14.1323
680000,-56,52,15.0333,16.1802,17.1317,17.995,18.271,19.6228,20.8086,21.5775,21.7581,22.0593,22.1257,22.2606,22.5117,23.0662,22.9508,22.5208,22.457,22.1858,21.6351,20.555,20.3598,20.0329,18.7665,17.77,17.1894,15.8165,15.3658,13.4397,13.6413,12.2923,11.3277,10.2683,9.6912,8.4033,8.3958,7.9967,7.3978,7.6214,7.3024,6.8822,6.6463,7.354,6.8978,7.8206,8.6525,9.2773,9.617,10.9956,11.0461,12.5882,12.8005,13.6523
700000,-72,52,14.9554,15.4355,16.4548,17.6283,18.9844,20.0717,20.7534,20.6494,21.4567,22.0714,22.387,22.5999,23.11,23.2051,22.9445,23.0007,22.5258,22.5838,21.8277,20.9156,20.2973,19.4997,18.4556,17.4578,17.0537,16.0216,14.8931,14.3223,12.4485,12.1531,11.2077,10.2075,10.1893,9.4612,8.3005,8.3142,7.5508,7.3901,7.3429,7.4086,6.8134,7.0407,7.1975,7.8133,7.9853,8.9084,9.7396,10.6773,11.3004,11.5538,13.3697,14.1963
720000,-61,52,15.341,16.1465,17.2643,17.9798,18.3268,19.531,20.4624,21.2044,21.4359,22.0646,22.5899,23.1489,23.2432,23.1939,23.0605,22.46,22.1498,22.0561,21.8963,21.1067,20.4733,19.0941,18.2793,18.1728,16.9041,15.5702,15.2647,14.1131,13.9709,12.5382,11.3862,10.4101,9.7647,8.9811,7.9845,8.1946,7.6023,6.4061,6.8677,6.7514,7.3526,7.2192,7.9661,7.4389,8.0934,9.332,9.4985,10.1379,11.1242,11.9352,13.2473,14.3712
740000,-56,52,15.5799,16.5616,17.1706,17.4027,19.0493,19.4994,20.2442,20.6788,21.4266,22.2327,22.3112,22.8102,23.1724,23.5669,22.9491,22.6911,22.2585,21.7334,22.1631,20.7427,20.3115,19.6563,18.4467,17.6552,16.6282,15.4273,15.003,14.1259,12.7389,12.303,11.2965,9.9367,10.3011,9.7458,8.4825,8.5814,7.1703,7.0512,7.1365,6.4514,7.1087,7.8437,7.8825,7.8837,8.2101,9.1363,9.3187,10.3154,11.2649,11.9778,12.92,13.6912
760000,-71,52,15.7042,15.8404,16.6647,17.3732,18.5875,19.8272,20.4775,21.2231,21.5933,21.744,22.6284,22.5616,22.7986,22.4761,23.2733,22.5707,22.8553,22.0067,21.7328,21.1551,20.4301,19.9588,19.2312,17.5639,17.3173,16.2287,15.0867,14.2565,12.8973,11.8014,11.418,10.3173,9.7304,8.5316,8.0965,7.7925,7.704,7.0351,7.1092,6.9859,7.7667,6.9373,8.3947,8.7106,8.1944,9.0414,9.5342,10.3317,11.6096,11.9699,13.1324,13.7458
780000,-55,52,14.8469,15.7571,16.5196,18.3164,18.1895,19.6591,20.2174,20.4877,21.4975,22.2664,22.4448,22.8522,23.2658,22.6281,23.3206,22.8063,22.0666,21.8425,21.5283,21.1784,20.3538,19.9311,18.728,18.2162,17.1698,15.8696,15.0291,13.6895,13.0041,11.6778,10.8095,10.5742,9.5964,9.1439,8.2329,7.8612,8.2216,6.6472,7.4107,6.903,7.1209,7.1325,7.5591,7.8302,8.5792,9.0185,9.6183,10.3731,11.405,12.3345,12.9836,14.0646
800000,-57,52,14.9712,15.9193,16.612,17.7748,19.1953,19.5949,20.0646,20.9332,21.1198,22.0772,21.8357,23.068,23.2302,23.6059,22.7215,22.7335,22.3131,21.9272,21.258,21.4112,20.9724,19.9061,18.5012,17.8939,16.8321,15.7247,15.0579,13.9272,13.5195,12.1404,11.582,10.516,9.4506,9.2498,8.1109,7.5624,8.023,7.5202,6.8933,6.7874,7.86,7.1175,8.051,7.5033,8.498,9.6523,9.5574,10.0927,11.1922,12.8385,12.988,13.8127
820000,-55,52,14.9285,15.9341,17.1495,17.724,19.1051,19.4489,20.3117,20.5143,21.4875,22.1552,22.5965,22.9572,23.0927,22.7433,23.1561,22.6045,22.4859,21.919,22.0641,20.9533,19.4931,19.5405,19.0213,17.9433,17.0593,15.7319,15.089,13.2943,12.6736,12.4757,11.5178,10.4998,10.0431,8.9957,7.9756,8.4783,7.1081,7.4204,6.9907,6.8925,6.664,6.8685,7.4914,7.7955,8.684,9.4019,9.367,10.0886,11.2243,12.2933,13.3429,14.0441
840000,-61,52,15.0099,15.8253,17.1864,18.0029,18.381,19.4185,20.4086,21.0667,21.2027,21.9485,22.6087,22.1825,23.2508,23.024,23.0295,22.2937,21.6038,21.7396,21.6005,21.3518,20.2327,19.3766,18.6897,18.0723,17.0249,16.1083,14.9589,14.2856,13.1434,11.8851,11.7324,10.2909,9.2797,9.0229,8.2599,7.9587,7.8207,7.2453,7.218,6.754,7.2677,6.9863,7.0134,8.1523,8.1814,8.6843,9.5679,10.8431,11.1668,11.8406,13.2183,14.3073
860000,-62,52,14.881,16.411,16.5222,17.859,18.7316,19.8356,20.4266,20.7141,21.8755,22.3372,22.1648,22.5612,22.7839,22.6552,23.2611,22.6704,22.3968,21.7723,21.4655,21.4336,20.5295,19.0593,18.4209,18.0275,16.7651,15.7983,14.7419,13.6364,13.1141,12.0491,11.6243,10.4355,9.4055,9.2201,8.82,7.6956,7.0091,7.0888,6.6534,7.4925,6.642,7.1342,7.9619,8.1777,8.262,8.777,9.6406,10.3834,11.7311,12.1168,12.6805,14.3314
880000,-59,52,15.1075,16.0487,17.0016,18.3264,18.2902,19.3814,20.3576,21.2737,21.1434,22.1877,22.4174,22.6079,23.2861,22.995,22.7515,23.4154,22.9658,22.3744,21.5493,20.7126,20.0149,19.9826,18.4426,17.8001,17.307,16.2406,14.8931,14.0686,13.5395,12.2941,11.5545,10.4944,10.1111,9.3534,8.8619,7.7063,7.1417,7.1943,6.9042,7.2762,6.5371,7.3591,7.3878,7.7761,8.2505,8.7605,9.6458,9.8359,10.9802,12.2622,13.294,14.0415
900000,-64,52,15.008,15.4187,17.0429,17.8901,18.8517,19.4055,20.1525,21.2828,21.5375,22.6796,22.0583,22.6933,22.6035,22.764,22.7047,22.6233,22.715,21.7405,21.7669,20.5558,20.1833,19.9405,18.8564,17.9185,17.1036,16.1371,15.1884,14.4568,12.7739,12.1419,11.4734,10.6804,9.8624,9.4039,8.2658,7.5114,7.9016,7.2322,6.8937,7.0107,6.9286,7.5343,7.7869,8.0099,8.5784,9.0217,10.003,9.7465,10.9318,12.1512,12.9614,13.7506
920000,-58,52,14.8757,15.9731,17.4126,17.9347,18.6549,19.7767,20.128,20.9455,21.1073,22.2146,22.518,22.3905,23.0536,23.0965,23.0294,22.2159,22.1063,22.4978,22.0456,21.1116,19.435,19.2837,19.1696,18.1757,16.9167,15.7121,15.3279,14.0343,12.7646,12.6132,10.3927,10.8137,9.7304,8.7941,8.5648,7.5456,7.2406,7.6136,6.9369,6.8661,7.1892,7.3891,7.5479,8.0175,8.2719,9.2084,9.4375,10.3915,11.2116,11.9255,13.021,14.625
940000,-69,52,15.329,16.3403,16.8254,17.8921,18.6429,19.9763,20.2569,20.8354,21.7444,22.2939,22.489,23.3453,22.8119,23.1037,22.6576,22.4557,22.396,22.1676,21.7259,20.4946,19.8958,19.8308,18.5085,17.259,16.5813,16.0618,14.4737,13.7379,13.1615,12.0545,11.7015,10.3813,9.505,8.4592,8.5016,7.6266,8.0687,7.1211,6.7936,7.0088,6.9792,7.6018,7.92,8.3457,8.5677,8.3944,9.7021,10.3637,10.8814,11.7563,13.7727,14.1063
960000,-67,52,14.9897,15.9683,17.1093,17.7843,18.6577,19.3967,20.2012,20.8453,21.8028,21.9852,22.3516,22.5795,22.4918,23.4681,23.0942,23.0275,22.3212,22.5208,21.6274,21.4239,20.301,19.5311,18.5594,17.8601,16.982,16.4121,15.4619,14.0627,13.4512,11.3479,11.1411,10.5304,9.9612,9.1388,8.3993,7.7779,7.2799,7.8031,7.395,7.3923,7.0615,7.0721,7.6863,7.909,8.3777,9.0045,9.5051,10.1941,11.2095,11.7475,13.2649,14.2873
980000,-58,52,15.0814,15.8658,17.3192,18.1327,18.468,19.3869,20.5588,20.9284,21.7381,22.2696,22.8089,22.9599,22.6097,22.7588,23.0248,22.3157,22.7339,21.7245,21.4683,21.3315,19.8079,19.5147,18.6894,17.9333,17.5124,15.5178,14.8533,14.0404,12.6827,12.1642,10.4679,10.3092,10.392,8.9543,8.8185,8.3557,7.2598,7.1133,6.8502,6.5356,7.552,7.0872,7.6314,7.9281,8.4096,9.0972,10.1867,10.6518,10.8604,12.1456,12.7746,14.0337
1000000,-60,52,15.3233,16.1485,16.7342,17.6757,18.5858,19.8784,20.463,21.5098,21.293,22.016,22.1019,22.3424,22.8951,22.8993,22.7878,22.3071,22.5392,21.9985,21.8583,21.1532,19.9115,19.6632,18.5381,18.2966,16.9056,15.8132,14.878,13.5854,13.4678,12.799,10.7633,10.3799,9.6619,8.8336,8.7814,8.2906,7.4463,7.8539,7.0682,6.9274,7.1423,7.0087,7.9558,8.1013,8.3096,8.9563,9.4227,10.5342,10.8941,12.1641,12.9303,14.2058
1020000,-69,52,15.3537,15.6873,17.2836,18.1636,19.3112,19.5541,20.3968,20.9952,21.141,22.5926,22.8092,23.4551,23.4692,23.1192,22.8435,22.3406,22.5163,22.3074,21.8113,20.8552,20.4845,19.1976,19.0461,18.1428,17.1162,16.0336,14.9085,14.0266,12.5865,12.5213,11.6266,10.0699,9.6476,9.1303,8.1388,7.9936,7.3841,7.7402,7.0437,6.7768,6.5159,7.8228,8.0387,7.9091,8.3746,8.6369,9.7438,10.2912,11.3424,12.136,12.6734,13.9256
1040000,-72,52,15.0155,15.9594,16.5937,17.3497,18.6977,19.4054,20.0876,20.9469,21.4786,22.0889,22.9532,22.7585,23.5058,23.3732,23.2319,22.549,22.3921,21.8077,21.7086,20.968,20.4375,19.6353,18.7681,17.7298,16.6226,15.8318,15.215,13.9865,13.0675,12.4235,11.4285,10.013,9.6709,8.7505,8.3999,8.0334,7.6727,7.7316,6.9081,6.9115,7.2305,7.5211,7.2104,8.1224,8.6158,8.9668,9.6107,10.6753,11.4104,12.2834,12.8659,13.519
1060000,-71,52,15.1289,16.5413,17.1964,18.2164,19.0132,19.4851,20.5459,21.0646,21.6629,21.9159,23.0428,22.5929,22.5857,22.8694,23.0568,22.8455,22.5216,21.9367,22.0679,21.1856,20.3395,19.7409,18.3472,18.104,17.0307,15.9162,14.4257,13.6906,14.001,12.6295,11.4216,10.8647,9.743,8.8892,8.7293,7.4694,8.0343,7.7312,7.7054,7.2131,6.6185,7.4289,7.2253,7.9235,8.165,9.1366,9.8968,10.3244,11.1217,12.2198,12.7722,13.7626
1080000,-63,52,14.3788,15.9686,16.7871,17.8537,18.4858,19.7543,19.9703,20.5695,21.589,23.0446,22.4228,22.7514,22.5909,23.3192,22.4227,22.8341,22.2643,22.4054,21.4803,21.2026,20.7041,19.6105,19.2559,17.937,16.8092,16.4996,14.7223,14.0856,12.8968,12.0532,11.404,10.6464,9.7156,9.3819,8.5418,7.4424,7.5841,6.5063,6.2988,6.6088,6.522,7.6852,7.7049,7.9065,8.4383,9.2734,9.6739,10.1734,10.8898,11.9087,12.8538,14.3476
1100000,-68,52,14.8213,15.8895,17.5325,17.7902,18.4601,19.5571,20.1747,20.9959,21.6068,22.2932,22.4692,22.7657,23.1167,22.9007,23.2669,23.116,22.985,21.801,21.5557,21.0446,19.732,19.1978,18.8064,17.2629,17.4032,15.3786,14.4984,14.5463,12.9758,12.2476,11.2303,10.6095,10.0964,9.623,8.6145,7.1794,7.41,7.0829,7.5109,6.91,7.5341,7.0044,7.5868,8.3107,8.5322,9.241,9.636,10.3104,11.1852,11.4382,13.3691,13.941
1120000,-71,52,15.1087,16.2033,17.0635,17.4522,18.6279,19.4363,20.036,20.9945,21.8283,22.2137,22.2997,23.1541,23.4838,22.8719,22.7081,22.3425,22.4568,22.1226,21.6994,21.4345,19.9936,19.9704,18.7004,17.7442,16.6248,16.0827,15.1556,14.304,13.291,11.9744,10.8828,10.8532,9.79,8.6294,8.4272,7.7021,7.0073,7.3944,7.1174,7.0126,7.0485,7.3732,7.1776,8.4424,8.479,9.1123,10.4693,10.1592,10.8248,12.9048,13.4524,13.7445
1140000,-59,52,15.1685,15.9006,17.0495,17.7248,18.8815,19.6654,20.4757,21.4192,21.499,21.6057,22.4568,23.0104,22.9492,23.0954,22.4249,22.5173,22.6417,22.317,21.3587,21.0982,20.0917,19.1988,18.7391,17.9019,17.0334,16.1833,15.5031,14.3203,12.9772,12.4451,10.842,10.4857,10.0111,9.2157,8.6646,8.4894,7.2976,7.4709,7.0303,7.3344,7.0936,7.4671,7.9839,8.1056,8.3532,8.9016,9.4868,10.7669,11.6759,12.0899,12.5427,13.8457
1160000,-56,52,14.676,16.1461,17.1427,17.5841,18.9689,19.3135,20.8746,21.2964,21.5051,21.7382,22.9168,22.4522,22.7581,22.625,23.309,23.1137,22.8831,22.8492,22.121,20.8932,20.5259,19.7688,19.0377,17.8132,17.3359,15.9571,15.1168,13.8356,13.6486,11.8098,11.5536,10.577,9.482,9.1721,8.3617,8.244,7.8891,6.8561,6.7972,6.7452,6.7867,7.3827,7.7583,8.2369,8.4535,8.302,10.0387,10.2802,11.4806,12.3092,12.8169,13.9746
1180000,-59,52,14.9612,16.4001,16.6091,17.6884,18.8609,19.8135,19.9711,20.6814,21.3383,22.258,22.813,22.4508,23.2661,23.1038,22.9079,23.0552,22.2006,22.5375,21.3682,21.5234,20.5917,19.19,18.9304,17.7997,16.7601,16.4346,15.0397,13.7748,13.0312,11.7579,11.5565,10.6278,9.9575,8.8532,8.0562,7.9516,7.4482,7.3051,7.0868,6.8932,6.9817,6.9373,7.5896,7.5574,8.2478,8.9344,9.8372,10.3136,11.355,12.1907,13.3549,14.1243
1200000,-66,52,14.9161,16.5167,16.4886,17.8231,18.771,19.597,20.0247,21.2774,21.8504,22.6285,22.2422,22.623,23.2706,23.5446,22.9387,22.3091,22.4153,22.3731,21.7873,21.322,20.8825,19.4151,18.4465,17.476,16.8777,16.27,15.5182,14.1013,13.0899,12.1233,11.6501,10.2269,9.6635,8.9887,8.408,8.4588,7.2523,7.969,6.8617,6.7539,6.8601,7.4271,7.5156,8.2527,8.169,8.5099,9.5837,10.5394,10.8413,12.1312,13.2461,13.7937
1220000,-63,52,14.957,16.1012,17.7388,18.1864,18.3393,19.0835,20.2719,21.4597,21.781,21.9255,22.7806,23.1807,23.3802,22.6801,23.0729,22.3832,22.2385,21.7001,21.5053,20.5573,20.5375,19.5408,18.4584,17.9825,17.3737,16.0679,14.8249,13.9506,13.0542,11.9527,10.7687,10.3419,10.0678,8.7637,7.837,7.8897,7.8507,6.7157,7.1153,7.1234,7.2194,7.3996,7.7023,7.4412,8.6009,9.4252,9.6285,10.5669,10.9779,12.5541,12.9,14.5306
1240000,-62,52,14.7244,16.2517,16.7682,17.8707,19.1194,19.6853,19.9393,20.7861,21.3895,22.1179,22.8109,23.0775,22.6374,22.9423,23.0597,22.6431,22.7546,22.0704,22.2159,20.9371,20.4712,19.5305,18.8406,17.6929,17.1503,16.0955,15.2592,14.0139,13.3929,12.2805,11.4127,10.9558,9.5387,8.9307,8.5306,7.4072,7.7397,7.4649,6.7715,7.1363,7.0296,7.2366,7.0449,7.814,9.0182,8.8166,9.7109,10.0866,11.3093,12.1662,13.0634,13.822
1260000,-61,52,14.9469,16.0935,16.6581,17.8315,18.8019,19.5811,20.6188,20.8828,21.2212,22.0372,22.0621,22.9526,23.6087,23.7451,22.443,22.7983,22.8133,22.6461,21.6063,20.9335,20.4445,20.4019,18.733,17.8981,16.7608,15.9598,14.8714,13.5198,12.7817,12.4662,11.338,10.0401,9.6169,8.9596,8.86,8.2748,7.6619,7.2769,6.9136,7.0528,7.0503,7.6991,7.6459,8.3551,8.7292,9.0302,9.9879,10.671,10.9482,11.8382,12.5253,14.3491
1280000,-56,52,14.9707,15.817,17.0218,17.9302,18.7813,19.7345,20.2752,21.352,21.7237,22.53,22.4562,22.8492,22.737,23.0047,23.1871,22.6579,22.9278,22.0914,22.0588,20.6734,20.2219,19.3956,19.021,18.0295,16.8916,15.8276,14.9919,14.2531,13.3362,12.1453,11.1481,10.4861,9.7338,9.0877,8.2801,8.4385,7.3312,7.6862,7.4764,7.2841,7.6205,7.3992,7.4249,7.7594,8.2148,9.2631,9.2508,10.0288,11.742,12.467,13.2098,14.3127
1300000,-58,52,14.9595,16.2577,17.2327,17.4028,18.3998,19.1134,20.656,21.2901,22.2527,22.3419,22.6479,23.0296,22.487,22.7084,22.8592,22.5967,22.2743,22.2775,22.0321,21.0701,20.7317,18.8582,19.1778,18.3307,17.1488,16.1655,15.224,14.1023,12.9015,12.594,11.058,9.9947,9.352,8.8326,8.8585,7.8545,7.3276,7.5428,7.0173,6.8722,6.9389,7.0397,7.2649,8.2878,7.9863,9.3914,8.8637,10.1363,11.688,12.308,13.4074,14.522
1320000,-57,52,15.0807,15.8777,16.6921,17.8485,18.8125,19.5265,20.3785,21.4125,21.4036,22.209,21.9586,22.9046,22.3816,23.1894,22.7991,22.8168,22.0435,22.0909,21.8311,21.174,20.2998,19.5426,19.0614,18.0576,16.7271,15.7903,14.796,14.025,12.7373,11.5156,11.2167,10.5313,9.7509,9.3374,8.0284,7.7624,7.0871,7.3062,7.027,6.8558,7.0708,7.0204,7.2133,8.3905,8.6592,8.9567,9.2326,10.3912,11.4545,12.2141,13.3882,14.4038
1340000,-59,52,15.3225,16.2209,17.1793,18.4765,18.4585,19.7512,20.3984,20.5208,21.8258,22.2781,22.9923,22.5131,22.504,22.7268,22.523,22.9021,22.6354,22.0398,21.215,20.9908,20.9746,19.7555,18.9002,17.5445,16.2392,15.9289,15.1742,14.3895,13.0662,12.0071,10.9733,10.7196,9.9581,8.7731,7.7898,8.4709,7.9591,6.9761,6.9443,7.7638,7.3821,7.1717,7.7269,8.1464,8.2622,8.5379,9.5539,10.9001,11.5855,11.7998,13.4756,13.8684
1360000,-66,52,15.1189,16.4241,16.6522,17.2135,19.0353,19.8942,20.4904,20.9589,21.172,21.971,22.355,22.2758,22.575,22.8487,23.3835,22.6011,22.189,21.5189,20.983,20.8581,20.2625,19.5671,18.9482,18.019,17.0113,15.9978,14.9439,14.5591,13.538,12.1162,11.3473,10.5409,9.7384,8.814,8.1428,7.844,7.123,7.3543,6.8845,6.656,7.1279,7.6598,7.245,8.147,8.5504,8.5688,9.6624,10.3683,11.0531,12.3741,13.1936,13.5926
1380000,-55,52,15.467,16.1285,17.0902,18.4155,18.9254,19.295,20.3701,21.4083,21.5116,21.8056,22.0626,22.5085,23.1007,23.455,23.0555,23.0746,22.5975,22.0714,22.0593,20.8739,20.3682,19.6034,18.675,18.0679,17.2226,16.4561,15.336,14.0476,13.1646,12.1304,11.6466,10.2802,9.7573,8.5962,8.5564,7.7046,7.614,6.8651,7.4804,7.208,6.3153,7.1129,6.9973,7.8483,8.6186,9.3281,9.4665,10.6141,11.6113,11.8671,12.9635,14.2541
1400000,-56,52,14.6197,16.0249,16.9203,17.4026,18.9255,19.727,20.3311,21.4174,21.7795,21.9739,23.0854,22.9224,22.5485,23.3629,23.1165,22.9185,22.4692,22.0174,21.072,20.9336,19.9487,19.5124,18.4671,17.8577,16.7616,15.7495,15.1171,14.1024,13.5942,12.0715,10.8701,10.3682,9.7981,9.4219,8.5208,8.3604,7.6242,7.0577,7.3509,6.4578,7.041,6.9122,7.5671,7.8103,8.3904,8.9514,9.6778,10.3739,11.4505,12.2466,13.0841,14.1504
1420000,-65,52,15.2602,15.8014,16.6234,17.9292,18.597,19.817,20.329,21.0102,21.5637,21.9771,22.4778,22.676,23.1051,22.7698,22.6935,22.7631,22.3195,21.7067,21.4489,21.6605,19.8952,19.9225,18.8894,17.8705,17.0081,16.4526,15.1691,13.4769,12.9669,12.5717,11.0959,11.0536,10.2836,8.8818,7.9653,7.3124,8.1299,7.2753,7.1136,7.068,6.7888,7.1,7.3989,7.8791,8.5387,9.4899,9.6638,10.2509,11.7681,11.8358,13.2051,14.185
1440000,-64,52,15.065,16.1426,17.0946,17.2785,19.132,18.9848,20.6384,20.9762,21.3473,22.0073,22.6045,22.8236,22.8887,22.6574,22.8652,22.9048,22.403,21.9695,21.1131,20.5487,20.1693,19.8435,18.527,17.6658,16.5801,15.7688,14.8276,14.2325,13.0589,12.176,11.2873,10.6677,9.6745,8.6914,8.5026,7.7804,7.4542,6.6208,6.7832,7.0654,6.9285,7.5896,7.7041,8.2824,8.7398,8.5144,9.9329,10.743,11.2302,12.7866,13.1908,14.0906
1460000,-72,52,15.2483,15.6206,17.0658,17.4724,18.7428,19.3385,20.532,21.0413,21.8777,21.8527,22.3835,22.6274,22.4483,23.3953,22.4412,22.4517,22.716,22.3474,21.8243,21.1418,20.5262,19.5593,19.5457,17.6463,16.7116,15.5021,15.1123,14.1721,12.7312,12.0062,11.3994,10.3341,9.6149,8.3065,8.9078,8.044,7.5468,7.466,7.103,7.4436,6.5305,7.1729,7.0082,8.3501,8.4791,8.9539,9.6117,10.343,11.699,12.0794,13.0128,14.5241
1480000,-55,52,14.7362,15.8398,16.626,18.1129,18.8147,19.4724,20.297,21.793,21.6357,22.3853,22.5933,22.5158,23.1076,22.3957,23.5614,22.7932,22.2785,22.1636,21.3413,20.9659,20.408,19.6867,18.2747,17.5062,16.75,15.701,14.9289,14.1646,12.9304,11.8577,10.9177,10.2216,9.505,9.131,8.6951,8.2056,7.7582,7.5019,7.1892,6.8929,7.3987,7.8193,7.2156,7.8844,8.8356,8.9298,10.0448,10.1208,11.5975,11.5072,13.1709,14.4365
1500000,-57,52,15.1233,15.8284,17.1112,17.481,18.8716,19.0102,20.4878,21.3888,21.54,22.5631,22.2988,23.043,22.7591,22.8831,22.8335,22.8623,22.6555,22.6517,21.271,20.9795,20.3846,19.6535,18.3082,17.8994,17.4239,16.0918,14.85,14.0326,12.9279,12.1808,10.8345,10.115,10.1083,8.6995,8.2004,7.6225,7.4585,7.2975,6.8455,6.9597,7.2293,6.7312,7.2261,8.188,8.3887,8.5047,9.6503,10.327,11.5099,12.4178,13.1506,14.626
1520000,-63,52,14.6936,15.7467,16.913,17.8682,18.7164,19.5087,19.9453,20.9368,21.44,22.2275,22.583,22.4776,23.1895,23.1962,22.741,22.6482,22.1031,21.9966,20.8745,20.387,20.1431,19.6661,18.355,17.7136,17.0808,16.3104,14.1081,14.127,12.6283,11.9206,11.151,10.5532,9.7941,8.8979,8.4826,8.4366,7.6508,7.1892,6.5322,6.9724,7.1884,6.8395,7.4807,7.8264,8.0891,9.2856,9.8821,9.9292,10.8824,12.2351,13.2849,14.159
1540000,-61,52,15.0729,16.0044,16.2676,18.4121,18.4432,19.3056,20.2083,20.5951,22.1076,21.8977,22.275,22.5186,23.0728,23.4188,23.0235,22.5353,22.877,22.1687,21.3671,20.9665,20.3444,19.6156,18.7183,17.844,17.4734,16.8144,15.0519,13.7605,12.7704,12.4071,10.795,10.4009,9.8135,9.0664,8.2947,8.4677,7.7587,7.0912,7.2933,6.9448,6.9035,7.1102,7.8746,7.7486,8.3947,9.3179,9.7863,10.5276,11.0826,12.8624,13.331,13.3251
1560000,-55,52,15.1516,15.6024,16.6465,17.104,18.2435,19.3457,20.3409,20.224,21.2616,22.1689,22.4197,22.7309,23.0252,23.0749,22.2989,22.0507,22.384,21.8893,21.2835,21.6735,20.2633,19.5402,18.8297,17.6397,17.289,16.212,15.0515,13.9281,13.3956,12.0205,10.897,10.9616,9.608,9.7341,8.1475,7.3154,7.3196,7.2337,7.0026,6.3934,7.1125,7.427,7.5207,8.3329,8.4955,9.1303,10.0899,10.239,11.068,11.8091,13.119,13.6626
1580000,-71,52,15.1669,15.7284,16.6583,18.4246,19.0053,19.2778,20.2755,21.1765,21.616,21.7262,22.0798,23.0666,23.1954,23.2643,22.312,23.0975,22.7515,22.14,21.9156,20.5891,20.1585,19.5849,18.4582,17.807,17.3631,15.988,14.8996,14.1307,12.7004,12.6192,11.3723,10.6717,9.6029,9.7632,8.3105,8.0758,7.2422,7.3763,7.0623,6.7141,6.7919,7.4245,6.7672,7.554,8.2008,8.5054,9.5962,9.9229,10.7266,11.9618,13.2644,14.5434
1600000,-68,52,14.9586,15.9714,16.7725,17.9132,19.0495,19.2814,20.0496,20.9327,21.3566,22.1028,22.5392,22.6947,23.0873,23.1044,22.9911,22.992,22.5517,21.9692,21.576,20.7555,20.0602,19.8392,18.8192,17.5807,16.6773,16.1112,14.8248,13.6659,12.7005,11.9613,10.4706,10.2556,9.6376,9.2717,7.8993,7.8824,7.4053,7.2721,6.8053,6.7806,7.64,7.0698,7.0825,7.3837,8.052,9.2067,9.1547,10.8238,11.5242,12.2944,12.916,14.4379
1620000,-64,52,14.7626,15.7792,17.3125,17.4978,19.1794,19.3576,19.9796,20.945,21.8761,22.5947,22.6352,22.9227,22.9365,23.4951,22.9413,22.5612,22.3728,22.1647,21.8971,20.8567,20.7909,19.7154,17.7318,17.6871,17.2451,16.2172,15.5996,14.3868,12.9188,12.3014,11.2569,10.1318,9.9522,9.2737,8.4545,7.9868,7.1053,7.7544,7.2797,6.7464,7.5412,6.7241,7.3657,7.8678,8.7702,8.8931,9.4162,10.2765,11.278,11.5487,12.6921,14.206
1640000,-55,52,14.8986,16.2221,16.3891,17.7031,18.4504,19.6468,20.2893,21.2428,22.1353,22.084,22.6391,22.5426,22.9036,23.0075,23.5833,22.4257,22.4399,22.0895,21.3576,21.0938,20.3092,19.5804,18.5011,18.0572,16.6354,15.8526,15.2542,14.4551,12.8604,12.35,11.2566,10.7687,9.7285,9.521,8.8759,7.6244,7.4218,7.0073,7.0341,6.4548,6.5562,7.5384,7.6221,8.1424,8.1447,8.6966,9.6369,10.8703,11.3048,12.2181,13.4388,14.1496
1660000,-67,52,15.2406,15.922,17.1423,18.0648,18.8481,19.5512,20.514,21.0075,21.122,22.3366,22.1911,22.7704,22.9167,22.928,23.3794,23.009,22.6236,22.2713,21.2909,21.223,20.5707,20.1244,18.7176,18.131,17.7251,16.0287,14.9349,13.7472,13.3087,12.1278,11.4821,10.4486,9.6827,8.8792,8.3128,7.7391,6.9333,7.7232,7.2207,6.9312,6.9908,6.7413,7.3741,7.8694,8.1651,9.0417,9.6323,10.5309,10.8786,11.4638,13.1137,14.3546
1680000,-72,52,15.1197,16.1737,17.3012,18.1983,18.8055,19.5494,20.3761,20.6549,21.346,21.9193,22.6288,22.8612,23.2914,23.2263,23.8685,22.3374,22.4057,22.0091,21.297,20.6203,20.3451,19.3942,18.81,18.6803,17.0355,15.4746,15.1102,13.7327,13.2463,12.5927,11.1808,10.581,9.973,8.8063,8.1845,8.0123,7.4563,7.0485,7.1659,7.2556,7.0318,6.9932,7.8453,7.3361,8.3094,8.9738,9.8362,10.6633,11.2582,12.4491,13.5132,14.0376
1700000,-60,52,14.9363,15.3462,16.7061,17.6418,18.5257,19.3637,21.0279,21.292,21.6657,21.907,22.2719,22.3008,23.0804,23.2017,22.7185,22.9095,22.8421,22.3338,22.2643,21.1801,20.3378,19.6127,18.8708,17.9588,17.3358,16.0497,14.7338,14.2599,12.8003,11.8816,11.4841,10.5198,9.6852,8.9642,8.8014,7.7078,8.0302,6.986,6.6387,7.0854,6.7407,7.6119,7.9503,7.5622,8.4447,8.9119,9.4218,10.2087,11.2262,11.597,13.2701,14.1341
1720000,-56,52,15.3952,16.2406,16.7239,17.7984,18.4939,19.5073,20.1721,20.8546,21.5823,21.7729,22.8175,23.031,22.7331,23.2588,22.6263,22.2323,22.5746,22.2476,21.3621,21.1459,20.8931,20.4482,18.4559,17.9348,16.546,16.8137,14.8692,14.2937,13.1138,11.846,11.2202,10.0494,9.503,8.9315,8.4836,7.2348,7.5002,7.9984,6.7728,7.0978,6.9314,6.3858,7.2212,7.7113,8.6702,9.0014,9.6289,10.6574,11.321,12.1137,13.2859,13.6228
1740000,-64,52,15.3136,15.7896,16.5618,17.669,18.9942,19.7306,20.4359,21.1837,21.7588,21.9382,22.4702,23.0209,22.59,22.8332,22.9661,22.8853,22.3244,22.3908,20.9432,21.0354,20.1429,19.0136,19.073,18.0794,17.4449,16.0912,14.6159,14.3894,13.3242,12.0356,11.5154,10.236,9.8327,8.9474,8.4797,7.4226,7.9232,6.6734,6.7755,6.6837,7.4031,7.3545,7.3566,8.2673,8.2007,9.423,9.9516,10.8239,12.0806,12.15,13.0925,13.6432
1760000,-70,52,15.0433,16.2087,16.7887,17.9353,19.057,19.7381,20.5934,21.0804,21.8886,22.2641,22.5038,22.6107,23.1959,23.2879,22.5069,22.8008,22.618,22.4751,21.5636,20.7634,20.7728,19.7706,18.4145,18.447,17.2932,16.2033,14.7538,14.164,12.9123,12.5268,11.5351,10.4942,10.109,8.9797,8.7397,7.8963,7.5752,7.3046,7.1415,6.8179,6.7038,7.5923,7.608,7.7994,9.1053,9.2578,10.2367,10.1869,11.3035,12.118,13.0351,13.899
1780000,-58,52,14.735,16.0128,16.9015,17.6302,18.2391,19.4008,19.9055,20.8616,22.0457,22.0613,22.3368,22.5135,23.2465,22.7957,22.9381,22.8731,22.6214,22.5249,21.5391,21.3206,20.4098,19.5069,18.4816,17.4627,17.1566,15.8167,15.1944,14.1922,13.306,11.9648,11.6369,10.4102,9.5323,8.3833,8.0135,7.9553,7.6899,7.3374,7.4348,6.9203,7.0384,7.1494,7.7458,7.7963,7.9216,9.0432,10.1476,10.508,11.1257,12.3639,13.917,14.0148
1800000,-64,52,15.1595,15.5751,17.3708,17.4012,18.7469,19.4772,20.0761,20.9058,21.9544,22.6053,22.4091,22.6603,22.3783,23.5145,22.6218,22.4946,22.5116,22.3039,22.0408,21.6405,20.5311,19.4005,18.5207,17.7833,17.1559,16.2508,15.1851,13.4674,12.9156,12.6002,11.1223,10.4314,10.5131,8.9897,8.8432,8.468,7.7473,7.102,6.3743,6.7423,7.2513,7.4101,7.8716,7.5846,8.476,8.3969,9.4302,10.6143,10.6275,12.4082,13.6347,13.6049
1820000,-64,52,15.1118,16.1223,16.9614,17.8877,19.1318,19.5079,19.9796,20.7337,21.4051,21.9599,22.6006,22.7875,22.9717,22.8418,23.1333,22.4898,22.3673,21.9292,21.3254,21.209,20.4158,19.7286,18.0545,18.2661,17.5702,15.6325,15.0768,14.4766,13.1447,12.3573,11.6123,11.1248,9.3092,9.1667,8.1869,7.3593,7.7609,7.0268,7.1256,6.595,7.2739,6.8049,6.9613,8.3544,8.0816,8.8495,9.3998,10.0921,11.4224,12.1978,12.4928,14.2002
1840000,-65,52,14.701,15.929,16.8789,17.4553,18.2965,19.5017,20.542,21.0639,21.3789,22.2365,22.6365,22.4727,22.5763,23.1936,23.2825,22.8892,22.8339,22.5237,21.1254,21.1317,20.6998,19.8846,19.146,17.6606,17.119,16.1972,14.8205,14.0929,12.686,11.9085,11.3805,10.7709,9.6948,9.4721,8.8629,7.6215,7.4895,7.0814,7.3053,7.2154,6.8202,7.5097,7.1237,8.2697,7.6844,8.9582,9.4826,10.6583,11.358,11.5057,12.6819,13.8596
1860000,-68,52,15.0879,16.1071,16.9262,17.7402,18.5445,19.9981,20.5452,20.928,21.8546,22.6655,22.5046,22.7613,22.9462,22.9532,22.5892,22.7728,22.6251,21.6995,21.3743,20.9967,20.1273,19.2666,18.3378,17.9821,17.5344,15.9899,14.9258,14.4514,13.1728,11.978,11.3224,10.5481,9.597,9.1486,8.8021,7.9961,7.3055,7.0699,7.1811,7.0754,7.2362,7.2255,7.4253,8.3473,8.2949,8.6402,8.9727,10.158,11.281,11.8796,13.5857,14.1503
1880000,-62,52,14.8015,16.1795,17.2031,17.9675,18.4805,19.4666,20.6115,21.3338,21.5278,22.4465,22.0228,22.6961,22.8316,22.9066,22.888,22.3485,22.8239,22.0559,21.321,20.3401,20.5509,19.5233,18.5149,17.6715,15.9499,15.8091,14.904,14.1614,12.7499,12.0238,11.046,10.198,9.8704,9.384,8.2012,7.1092,7.586,7.2331,6.9524,6.8934,7.3692,6.7935,7.83,7.9144,8.2229,9.3445,9.6656,10.4211,11.3559,12.3958,13.1498,13.7866
1900000,-56,52,14.513,15.8061,17.1185,18.014,18.4087,19.781,20.854,20.8475,21.7797,22.6172,22.7827,22.6068,22.862,23.0129,23.0563,22.8989,21.8978,22.2308,21.8492,20.7848,20.5748,18.9119,19.0595,17.9623,16.4999,15.785,14.9451,14.0159,12.8474,12.0373,11.7445,10.1867,9.8511,9.0809,8.5635,7.6865,7.2572,7.4943,7.2645,7.3535,7.1157,7.3706,7.5719,7.6641,8.7119,8.6442,9.6778,10.5822,11.4893,11.9613,13.2074,13.8121
1920000,-56,52,14.9527,16.1028,17.0279,17.329,18.9957,19.3762,20.6452,21.0418,21.389,22.0836,22.9123,22.5427,22.4288,22.9233,23.3195,23.244,22.79,21.4476,21.5127,20.8447,20.252,19.216,18.6353,17.4816,17.6106,15.9823,14.8447,13.6639,13.3728,12.3382,11.6308,10.5595,9.5545,8.7935,8.1868,7.7948,7.7255,7.067,7.1436,7.2259,6.9221,7.526,7.646,8.0313,8.4083,9.0639,9.4369,10.2039,11.3573,12.4315,13.0163,14.1863
1940000,-63,52,14.8357,15.8818,16.6763,18.4236,18.6241,19.5201,20.9427,21.1056,21.8643,22.1756,22.7366,22.9217,22.7641,22.3935,22.6262,22.4338,22.215,22.1775,21.4853,21.1614,20.3338,18.9991,19.3157,18.1585,16.9497,15.5773,15.4507,14.3335,13.0424,12.0345,11.1224,10.8562,9.73,8.6754,8.5742,7.8622,7.7036,7.0912,6.9335,7.1445,7.2915,7.099,7.6904,7.7123,8.3062,9.0206,9.9548,10.6785,11.4205,11.9617,12.8577,14.3551
1960000,-56,52,15.4416,16.2978,16.9917,17.5818,18.4036,19.1152,20.0078,20.9261,21.2263,22.2999,21.7066,22.5272,22.7376,23.1826,23.0985,22.3983,22.5487,21.7703,21.6713,20.6221,20.3434,19.9851,19.3298,18.1629,16.6051,15.8086,14.72,13.8527,12.5611,11.9741,11.6175,11.1258,9.8254,9.0729,8.618,7.4422,7.2661,7.474,6.9884,6.8896,7.3146,6.6604,7.87,7.6727,8.5851,9.0121,9.9136,10.7532,10.9786,12.4144,13.2374,14.4633
1980000,-62,52,14.836,16.472,16.6268,17.2298,19.1577,19.3596,21.0915,20.5237,21.2258,21.8787,21.8994,22.7294,23.0063,22.9139,23.5813,22.3094,22.8646,22.0857,21.7272,20.9688,20.2898,19.6185,18.3534,18.0035,16.5804,15.6292,14.7336,14.2142,13.1301,12.3428,11.5274,10.7484,9.8519,8.7757,8.2013,8.0393,7.6282,7.121,7.4909,7.0316,7.4438,7.7229,7.0744,7.2342,8.5233,9.1347,9.8999,9.8968,11.6452,11.8764,13.4651,13.858
2000000,-58,52,14.6205,15.9418,16.6472,17.9236,18.8782,19.9204,19.7922,20.7148,21.6133,22.4365,22.1607,22.9679,22.3851,23.6158,22.5153,22.5729,22.7407,22.3081,21.5232,20.8335,20.2041,18.6904,19.2362,17.7835,16.7964,15.9908,15.0994,13.9534,12.5992,12.2482,11.3995,10.4257,9.3368,8.6123,8.3783,8.0076,7.231,7.666,6.7055,7.0699,6.5793,7.3262,6.849,8.2796,8.4901,8.7753,10.3575,10.605,11.2805,11.6798,12.9871,13.9941
2020000,-57,52,14.6549,15.7798,16.7762,17.6296,18.7122,19.4742,20.1495,21.003,22.0488,22.3275,22.4748,23.1825,22.9052,23.2283,22.9197,22.3599,22.8955,21.8205,21.4281,20.7455,20.5417,20.012,18.7342,18.0256,16.8378,15.951,15.7809,13.9573,12.6258,11.8484,11.5446,10.028,9.4431,9.1653,8.1592,7.5077,7.7155,7.5744,7.113,6.916,7.0082,7.7853,7.8368,8.0249,8.0787,9.0627,10.3379,10.2388,11.3288,12.6158,12.905,14.1849
2040000,-56,52,15.0318,15.9306,17.2083,17.6923,18.3849,18.8541,20.2694,20.9089,21.9553,21.8724,22.7871,22.6808,23.4579,22.7079,22.8213,22.9711,22.8367,22.3368,21.1833,21.3146,20.3022,19.0561,18.5501,17.7323,16.6748,16.3561,15.1611,14.3775,12.8214,11.6621,11.4179,10.4657,9.954,9.21,8.4629,8.1567,7.5429,7.294,7.6519,7.3869,6.7427,6.7579,7.9271,7.7854,8.3766,8.8655,9.7931,10.3313,10.9251,11.6277,12.3679,13.7194
2060000,-69,52,14.9232,15.7482,16.2259,17.9819,18.2811,19.0248,20.2527,21.3003,22.0063,21.7903,22.4008,22.9272,23.4063,23.2331,22.7418,22.9487,23.1762,22.3595,21.5541,21.3101,19.6167,19.5804,18.5731,17.7167,16.7475,15.9726,15.0247,13.8266,12.6741,11.6441,11.252,10.3187,10.0452,9.1846,8.4149,8.2423,7.6554,7.1294,6.615,6.4618,6.9376,7.0295,7.3191,7.2977,8.094,8.8487,10.019,10.327,10.7499,12.3893,13.1871,13.5193
2080000,-55,52,15.0447,16.2564,16.7201,17.3525,18.9866,19.8008,20.5748,20.9738,21.5509,22.1792,22.913,22.7594,22.552,23.4401,22.6331,23.2533,22.4964,21.8359,21.6946,21.3531,20.7369,19.4551,18.6276,18.1212,17.2736,16.2493,14.378,14.0886,12.9056,12.237,11.3485,10.4706,9.9164,9.0069,8.0087,8.2588,7.3007,6.9557,7.5934,6.8802,7.1117,7.2211,7.375,8.147,8.3607,8.711,9.7992,10.8799,10.5779,12.0601,13.3405,13.7648
2100000,-65,52,15.0732,15.9269,17.1897,18.1763,18.0577,19.6652,20.7522,21.1205,21.7097,22.2185,22.7247,22.8469,23.0314,22.6813,23.1334,23.1199,22.5389,21.9541,21.0464,20.9977,20.4046,20.0773,18.2276,18.0819,17.3636,15.9138,14.6318,14.7669,12.9406,12.0882,11.5574,9.9996,9.7309,8.6112,8.3382,8.0471,7.7161,7.4734,6.9322,6.6406,6.4245,7.4896,7.6531,7.9512,8.6534,8.6738,9.7042,10.403,11.2485,12.1659,13.1411,14.1528
2120000,-63,52,14.5292,16.2379,16.9796,17.3808,18.8344,19.9571,19.999,20.9434,21.9651,21.9274,22.6639,22.8118,22.2066,23.0005,22.5762,22.3919,22.4636,22.1071,21.5974,21.1375,20.1728,19.5191,18.3895,18.2241,16.71,15.9122,15.0561,13.599,13.0529,12.3573,11.4139,10.0188,10.0287,8.9452,8.6157,8.3161,7.9358,7.348,6.9883,7.3127,6.7842,7.7007,7.5246,7.8272,8.3751,8.3306,9.9314,10.9258,11.1339,12.1771,13.4646,13.7419
2140000,-62,52,14.5655,16.2065,17.0887,17.7075,18.8839,19.6822,20.33,21.2965,21.7794,22.6848,22.8363,22.9449,23.2441,23.1075,23.0285,23.1696,22.6068,22.3446,21.3937,21.0398,20.155,19.7291,18.6784,17.9026,16.6934,15.8625,15.2572,14.2516,12.6439,12.4124,11.3295,10.7019,9.99,9.4567,9.0394,7.7257,7.1842,7.0531,7.0976,7.3065,6.4666,7.151,7.591,8.2486,8.3662,9.0238,9.1471,10.7213,11.2866,12.4833,13.204,14.7126
2160000,-68,52,15.5495,15.6335,16.8361,17.8814,19.2049,19.5178,19.9891,20.9797,21.1535,22.4204,22.4353,22.6389,22.8168,23.0037,22.9506,22.3065,22.3049,22.2001,21.4442,21.1604,20.3587,19.5442,18.631,17.6812,16.5373,16.063,14.2896,13.6236,12.9258,12.2002,11.2265,10.2719,9.9863,8.7077,8.4117,7.9013,7.3138,7.0203,6.9241,6.6562,6.9136,7.7127,7.3874,7.5251,8.2341,8.9189,9.5284,10.0726,10.9253,12.7608,12.4299,13.9748
2180000,-61,52,15.1109,15.8701,16.6377,18.1485,18.5941,19.6838,20.2008,20.9477,21.5326,21.8872,22.7001,22.7415,23.2005,23.224,23.3084,22.6201,22.6792,22.0313,21.5772,20.7738,20.1626,19.7336,18.6152,17.618,17.169,16.0713,14.6344,14.0674,13.4239,12.492,11.1211,10.1223,9.5854,9.4151,8.6392,7.2282,7.7775,6.5671,7.6381,7.2536,6.94,7.2646,7.7182,7.7683,8.5552,8.9731,9.6198,10.913,10.6706,12.1773,12.6676,13.9811
2200000,-63,52,14.6067,16.1918,17.2237,17.6954,18.2875,19.7806,20.4974,21.0142,22.1186,22.1582,22.665,22.4548,22.739,23.3384,22.6473,22.3299,22.0376,22.1223,21.2123,20.9168,19.9301,19.6458,18.9238,17.6837,16.9671,15.7556,14.8285,14.214,13.1815,12.0229,11.1214,11.1885,9.5645,8.8914,8.2305,7.8745,7.7327,7.6524,7.4992,6.6992,7.1375,7.3594,7.9118,7.901,8.1476,9.1165,9.8257,10.9071,10.8627,11.4482,13.2812,14.298
2220000,-67,52,14.8507,15.9323,17.5999,17.9451,18.8024,18.8204,20.4621,20.9115,21.9543,22.0133,22.0475,22.7474,22.7615,23.6123,23.4351,22.6721,22.9246,22.0671,21.7324,20.5269,20.5459,19.4165,18.9785,18.059,17.3519,16.0768,15.0499,14.0808,12.9289,12.0207,11.1156,10.6637,9.5412,8.8877,7.9003,7.8299,7.5411,7.0356,7.5634,7.2927,6.7246,6.556,7.8169,7.8709,8.009,9.0363,9.5934,10.4481,11.1314,11.9015,13.0182,13.726
2240000,-60,52,14.8287,16.1403,16.423,18.5014,18.8082,19.4533,20.2599,20.6661,22.1246,22.0585,22.3496,23.2946,23.2513,22.9417,23.0725,22.6679,22.3715,22.0174,21.6731,21.3166,20.8982,18.8927,19.4145,18.1441,16.9195,15.8353,14.4396,14.394,12.7571,12.3587,11.1578,9.9678,9.8205,9.1578,8.1354,8.1742,8.0615,7.3797,7.1877,6.7799,6.7465,7.1106,7.5406,7.9199,8.3565,9.7594,9.8664,10.1626,10.922,11.6416,12.7826,14.2093
2260000,-65,52,15.5022,16.055,16.1184,17.8716,18.4866,19.379,19.9863,21.0274,21.5612,22.5397,23.0269,22.6783,22.6009,23.3486,23.1728,22.7931,22.3332,22.0009,21.1364,21.0999,20.2432,19.6217,18.4434,18.1636,17.0056,15.9379,14.8892,14.4493,13.2599,12.2546,10.9283,10.0878,9.5474,8.9064,8.3009,8.1512,7.8223,6.7874,6.9959,7.46,6.8174,7.5145,7.4203,8.0505,8.5752,9.1968,9.7507,10.1514,11.4395,12.0778,13.1566,14.3834
2280000,-66,52,15.1073,15.5959,16.6404,17.1489,18.9867,19.1545,20.1453,20.4718,21.0041,22.4151,22.5985,22.8739,23.2176,23.0303,22.8823,22.6145,21.6498,22.4007,20.7974,20.873,20.4251,19.7703,18.7125,17.6862,17.2334,16.2984,14.9024,13.7978,13.2965,12.9816,10.8289,10.6872,9.7397,9.0497,8.099,7.9478,7.5455,7.3056,6.8423,6.6606,6.4145,7.3591,7.7647,7.9846,8.551,9.0206,9.9851,10.7412,11.1114,12.0583,13.0505,13.9715
2300000,-68,52,15.4054,15.3746,17.1777,17.7491,18.9062,19.8437,20.275,20.7669,21.4599,22.0251,22.4357,22.7438,22.9819,23.1914,22.8132,23.4008,21.6933,21.8967,21.7533,21.1091,19.8346,19.5321,18.4503,18.1346,16.2134,16.2436,15.1182,14.2905,12.9339,12.3061,11.3029,10.6008,9.8484,8.997,8.5409,8.02,7.556,6.7653,6.9775,6.9697,6.9882,7.3637,7.4347,8.3137,8.1046,9.7706,9.3372,10.587,11.1334,12.734,13.1282,14.1413
2320000,-57,52,15.2663,15.8571,17.3623,17.8729,18.5761,19.2785,19.8588,20.9241,21.8041,22.2884,22.2003,21.9896,22.9076,22.3674,23.0811,23.0164,22.5432,22.274,21.754,20.7345,20.3389,19.8582,18.2074,17.8397,16.9549,15.5637,15.0213,13.4971,13.3492,12.0649,10.9149,9.8192,10.053,8.9838,8.6147,8.1804,7.7701,7.474,7.1445,7.7116,7.5407,7.3236,7.6902,7.608,8.6019,9.0434,9.4836,10.2924,11.1458,12.5595,13.1137,13.5953
2340000,-56,52,15.0586,15.4353,17.046,18.2588,18.4845,19.5588,19.9751,21.4827,20.8746,21.8697,22.7922,22.8303,23.1956,22.8497,22.8266,23.0354,22.4051,22.1031,21.0259,20.7806,20.1514,19.9881,18.5568,17.8455,16.8404,15.6255,15.3477,14.3211,12.8412,11.7778,10.9757,10.306,9.9125,8.7292,8.1441,8.1374,7.9285,7.1568,6.5602,7.6611,7.0276,7.2972,8.0684,8.0762,8.1287,9.4135,10.3181,10.5618,11.2086,12.2772,12.9267,14.2689
2360000,-61,52,15.2105,16.0423,16.9396,18.0951,19.112,19.7775,20.4055,20.8796,21.764,22.4103,22.9074,22.8698,22.6229,23.1689,22.8881,22.7965,22.4177,22.0957,21.4256,21.3445,20.2452,19.6667,18.2593,17.8704,17.0107,16.3024,15.1676,13.6234,13.2121,12.3824,11.4799,10.417,9.1604,8.4021,8.9366,8.1829,7.5726,7.462,6.9436,7.3745,7.1996,6.837,7.9804,7.7917,8.062,8.8224,9.6383,10.8392,10.9716,12.1017,13.0167,14.1338
2380000,-63,52,14.7468,15.9569,16.7799,17.6142,18.5218,19.6615,19.8594,20.9449,20.9924,21.9014,22.2291,22.5074,23.0787,23.3251,22.6445,22.2939,22.6994,21.9938,21.2305,20.5721,20.6983,19.0225,19.1608,17.6439,17.1013,16.0381,14.7837,14.0877,13.074,11.6523,11.4541,10.1995,10.1164,8.5038,8.0295,7.4837,7.4937,7.4779,7.3019,7.3869,7.0776,7.4531,7.5617,7.9739,8.4915,8.7644,8.7749,10.5402,10.707,12.4699,13.1566,14.2643
2400000,-72,52,14.9715,16.5048,16.8132,17.6801,19.1819,18.9265,20.2451,20.9934,21.6637,21.9867,21.996,22.4083,23.1904,22.8206,22.6545,23.0998,23.086,22.4698,21.5573,20.8251,20.6776,19.8605,19.0504,17.6878,17.2638,15.3192,15.2077,13.9404,13.251,12.0164,11.6733,10.8334,9.5051,9.3611,8.0322,8.2341,7.5476,7.5458,7.1731,7.1466,7.3754,7.1718,7.509,8.3165,8.1259,9.0295,9.9433,10.3726,10.8788,12.3726,13.6862,13.8947
2420000,-68,52,14.6899,16.3251,16.9414,17.781,19.1183,19.4598,20.5453,20.6171,22.0121,21.9167,22.5337,22.552,22.6976,22.9161,23.2169,22.6941,22.5385,21.9421,21.981,20.5486,19.802,19.9688,18.0694,18.3531,16.91,16.0947,15.097,13.8384,13.2408,12.7744,11.6482,10.2418,10.067,8.6603,8.3506,7.9601,7.893,6.8169,7.3735,6.8763,6.5668,7.5317,7.395,7.3153,8.6552,8.506,9.5816,10.1175,11.039,12.4899,13.276,13.5833
2440000,-58,52,14.8285,15.4858,16.7939,17.6885,18.3152,19.694,20.5054,20.992,21.4495,22.4529,22.6545,22.9134,22.8254,22.5009,22.8479,22.6399,22.224,21.9119,21.8891,20.8659,20.4175,19.4299,18.9038,18.1935,16.8002,16.18,15.2478,14.181,12.8564,12.3443,11.48,10.1194,9.7591,9.0203,8.0309,7.7679,7.5371,7.3608,6.8311,7.0547,7.1156,7.1556,7.2202,7.6419,8.8631,9.621,9.8818,10.7959,11.6473,12.1956,13.1862,13.3544
2460000,-57,52,15.3488,16.2858,17.1324,18.3927,18.7673,19.3023,20.1466,20.9939,21.8355,21.7648,22.7247,22.7602,22.8037,22.7198,22.8002,22.8591,22.4217,22.31,21.1004,20.5472,19.9939,19.8773,18.6761,17.8481,17.0921,16.1612,14.8398,13.6075,12.9779,11.7046,11.2621,10.2255,9.7813,9.0707,8.3069,8.1068,8.3709,6.679,7.7863,6.7082,6.652,6.9441,7.74,7.9811,8.2301,8.838,9.4671,10.6329,11.6587,12.0866,12.8817,13.9229
2480000,-56,52,14.7272,15.9766,16.7871,17.8627,18.6388,19.2349,20.288,21.2476,21.9335,22.0362,22.7204,22.727,22.738,23.2444,23.1338,22.6331,22.809,21.4818,21.2647,20.9539,20.5546,19.9664,17.9844,17.8771,16.2766,15.7316,14.7889,13.7912,13.1231,12.2564,11.4201,10.7643,9.869,9.3001,8.8914,8.3408,7.1962,7.2428,7.4423,6.973,6.9169,7.2709,7.4878,7.7496,8.2975,9.176,9.5739,11.0119,11.282,11.6053,12.6774,13.8644
2500000,-66,52,14.3071,15.563,16.5295,17.7733,18.614,19.6047,20.3566,20.5401,21.6362,22.0389,22.2905,22.3558,22.6263,23.2473,23.4864,22.5951,22.5502,22.1851,21.7977,20.6031,19.5883,19.7574,18.6909,17.8188,17.345,15.8815,15.2534,13.955,13.029,11.678,11.6577,10.3525,9.7178,9.1039,8.2519,7.7083,7.6278,7.2718,7.339,6.9125,6.9072,7.344,8.1064,7.7854,8.9132,9.3238,9.9664,10.901,11.173,12.6525,12.9992,13.9104
2520000,-57,52,15.1545,15.4998,17.4866,17.5302,18.4926,19.3732,20.5413,21.1511,21.6848,22.3934,22.2992,22.9209,22.8363,22.9231,22.6875,22.902,22.645,22.4737,21.8842,21.1866,20.7493,19.4692,18.4332,17.4572,17.2475,15.8093,14.9244,13.9354,12.966,12.1873,11.3629,10.2151,10.1483,8.9667,8.3455,8.1319,7.1703,7.4031,6.4226,6.789,6.7009,7.2023,7.2334,8.0906,8.3143,8.4722,9.4501,10.7694,11.2886,12.1092,13.0656,13.7018
2540000,-67,52,15.0503,15.8881,16.5095,18.0721,18.5295,19.9876,20.3201,20.6604,21.6813,21.8274,22.9561,22.4985,22.971,23.1175,23.1727,22.7416,22.332,21.8,21.8827,21.0219,20.7416,19.5811,18.4216,17.9126,16.6431,15.5498,14.9616,13.7838,13.246,11.7799,11.0015,9.7376,9.4492,8.5287,8.5539,8.0009,7.7205,7.7467,6.9939,6.8173,7.3971,7.2901,7.6565,8.0929,8.7404,8.5155,9.5714,10.4249,11.3032,11.9946,12.9538,14.1061
2560000,-68,52,14.9771,15.6394,16.8551,17.8424,18.5053,19.6143,20.1481,21.5301,21.3736,22.2537,22.9451,23.1174,22.6588,23.1292,22.5474,22.7782,22.3476,20.9743,21.8788,21.0579,19.8249,19.5041,19.3157,17.5793,17.0613,15.8032,15.0546,14.0576,12.7477,11.9873,11.2337,10.8865,9.8098,8.9159,8.1059,7.615,7.2155,7.3349,7.3136,7.4099,6.7422,7.2943,7.121,7.8972,8.1471,8.3905,9.9828,10.077,10.6727,12.2855,13.0351,13.7415
2580000,-59,52,15.2237,15.5754,16.8628,17.3045,18.8958,18.9938,20.1287,20.8187,21.5818,21.6387,22.618,22.9126,22.8327,22.9147,22.1158,23.2491,22.4121,22.2777,21.6388,21.0048,20.5116,19.3527,19.0235,18.3094,16.9748,15.9172,15.2933,14.1597,12.973,12.0607,11.3198,10.6841,9.5439,9.2489,9.0049,8.0941,7.501,7.4032,6.9257,6.6641,6.8307,6.8216,7.8082,7.7731,7.861,9.1652,9.8039,10.5466,10.8799,11.8279,13.6141,13.8543
2600000,-71,52,14.8188,15.956,17.0645,17.9743,18.4052,19.9145,20.1729,20.4973,20.9773,22.0898,22.6415,23.0028,23.0064,22.8606,23.1778,23.5247,22.4843,22.0494,21.7565,20.6953,20.2629,19.7235,18.67,18.3099,16.5507,16.1795,15.0143,14.5374,12.5668,12.0654,11.4877,10.6976,10.2529,8.6961,8.7612,7.8086,7.2225,6.5771,6.577,7.1816,6.9852,6.8778,7.7669,8.0318,7.9954,9.311,9.4205,10.5762,11.9424,12.3199,13.3141,14.3544
2620000,-56,52,15.3082,15.9108,17.2656,17.5304,19.0539,19.2022,20.1976,21.2419,21.8835,21.5135,22.3501,22.6594,22.5867,23.2447,23.261,22.495,22.2413,21.8645,21.2749,21.4411,19.997,19.1275,18.8101,17.7512,16.6245,15.8948,14.88,13.4299,12.7143,12.1152,11.3634,10.8054,9.5906,9.2651,8.3731,7.8672,7.8084,6.9948,7.0274,7.566,6.9538,7.5291,7.0333,7.9002,8.5428,8.8167,9.5409,10.4482,11.3117,11.4493,12.7145,14.1595
2640000,-72,52,14.1807,16.2127,17.2218,16.9899,18.135,19.2897,20.0477,20.7217,21.354,21.9262,22.3669,23.281,22.8435,22.5627,22.861,22.4133,22.4841,22.351,21.0988,20.7119,20.2173,19.6488,18.5833,17.2898,17.0081,16.0172,15.2608,13.8158,12.8138,12.2587,10.888,10.3899,9.3965,8.9762,8.3858,8.2677,7.2335,7.382,7.3741,6.8539,7.6095,7.139,7.6163,8.0396,8.378,8.8587,9.5263,9.8813,11.4352,12.3033,12.5954,14.1185
2660000,-55,52,14.4965,16.505,16.6676,17.6536,19.0011,19.8135,20.4725,21.0314,20.9472,22.7492,22.3665,23.0944,22.9842,22.8394,22.8616,22.717,22.9754,21.6957,21.7029,21.53,20.1521,19.5553,18.3655,18.3305,16.5744,16.1581,14.41,13.777,13.1521,11.8291,11.2056,10.0534,9.7217,8.6573,8.098,7.9961,6.9485,7.4218,6.8134,7.4791,6.9007,6.9679,7.5523,8.2156,7.6854,8.8194,10.0723,10.1435,10.9163,11.6858,12.9817,13.6589
2680000,-63,52,14.857,15.9066,16.7319,17.7654,18.4288,19.2775,20.6736,21.1152,21.7106,22.4002,22.6012,22.6759,23.1155,22.9263,23.4653,22.8303,22.494,22.5526,21.8313,20.7772,20.4485,19.1605,18.6435,17.8895,16.9566,15.9147,14.7134,14.1554,13.2521,11.9608,11.2755,10.6034,9.8427,9.1183,8.5585,8.0976,7.737,7.3696,6.9058,7.1005,6.8581,7.0571,7.6225,7.934,8.2132,9.1799,9.4683,10.5938,10.8831,12.5597,13.2318,14.1748
2700000,-65,52,14.4992,15.9864,16.8032,17.9349,19.0292,19.6692,20.017,21.1784,21.4009,22.2038,22.6595,22.6117,23.3797,22.8977,22.9505,23.149,22.5362,21.8342,21.4792,21.0575,20.1719,19.3921,19.0019,17.7788,17.4359,15.916,14.6937,13.9621,13.3648,11.9895,11.6176,10.4576,9.8136,8.7942,8.4259,7.9146,7.8345,7.0928,6.5896,6.669,6.8546,7.4234,7.2515,7.6225,8.3248,9.006,9.6688,10.0703,11.1881,12.449,13.2033,14.1506
2720000,-55,52,15.6157,15.9597,17.0011,18.1818,18.9178,18.9549,20.7062,20.8448,22.0506,22.0236,22.4164,23.205,22.8519,23.1858,23.2005,22.6993,22.618,22.001,21.9468,20.7952,20.3466,19.5456,18.8944,18.1758,16.7998,15.6361,14.9035,14.1127,13.3967,11.8586,10.6671,10.3031,9.8263,8.7139,8.9891,8.4781,7.2297,7.5176,6.624,7.3745,7.3848,6.4353,7.7243,8.1201,8.4306,9.0505,9.6732,9.9503,11.0829,11.7358,13.2839,14.5511
2740000,-63,52,15.0761,15.7663,17.693,17.7391,19.0581,19.6246,20.1884,20.5956,22.4475,22.1224,22.3863,22.6563,22.8812,23.3482,23.036,22.9404,22.4487,21.6367,21.4351,20.8757,19.8826,19.2833,19.2042,18.3383,17.2954,15.4763,14.9682,13.7976,13.1228,12.1101,11.7256,10.3704,9.354,8.7133,8.4301,7.9038,7.1175,7.4308,6.7126,6.5239,6.8021,7.7513,7.3925,8.0008,8.0675,8.9717,9.6061,10.4458,11.2655,12.0716,13.4078,13.8542
2760000,-62,52,15.1973,15.9707,17.2548,18.029,19.2022,19.6224,20.617,20.9449,21.787,22.1862,22.6126,22.9899,22.8466,22.9037,22.4009,22.836,22.1284,21.8525,21.4688,21.1846,20.4775,19.6833,18.6636,17.9213,16.6471,16.4258,15.4865,13.8555,12.7128,11.8151,11.0038,10.1759,9.7862,9.0663,8.6705,7.9704,7.5832,7.1425,7.5264,7.4833,6.8209,7.3232,7.4422,7.8375,8.2473,8.667,9.6131,10.7379,11.6951,12.4469,13.1285,14.4393
2780000,-72,52,14.6791,16.061,16.5389,18.0191,19.0678,19.8032,20.274,20.9266,21.1868,22.0405,22.5169,22.7971,22.8497,22.6085,23.2926,22.2204,22.7315,22.3382,21.3725,21.2592,20.1654,19.412,18.7762,17.9054,17.1909,16.2501,14.5658,13.9998,12.8367,12.4727,11.1195,10.4125,9.2945,9.0896,8.2132,8.6855,7.0833,7.1838,7.1941,7.1742,7.2201,6.8841,7.7792,8.009,8.8406,8.9488,9.7291,10.5632,11.409,12.4796,12.9651,13.7212
2800000,-62,52,15.2318,15.6536,16.7847,18.0542,18.6508,19.6688,20.7743,20.5252,20.9099,22.1009,22.1834,22.4145,22.7385,23.0434,22.4323,22.8295,22.6952,21.5836,21.3681,21.2014,20.321,19.5136,18.9996,17.8544,16.758,15.9083,14.6056,14.1907,13.3273,12.0154,11.4797,10.4246,9.6502,9.218,8.4021,8.1015,7.6495,7.0481,7.1205,7.1761,7.0481,7.3707,7.5997,7.7742,8.065,8.4961,9.5863,10.6306,11.0049,12.2415,12.9576,14.1679
2820000,-56,52,16.0347,15.8144,17.3678,17.42,18.8714,19.6114,20.7795,20.7431,21.6886,22.3567,22.1945,23.0559,23.164,22.9676,23.3394,22.8863,22.6188,22.4283,21.6497,20.729,20.8099,19.7201,19.1265,17.417,17.5272,15.841,15.0313,14.1553,12.6502,12.2443,11.6105,10.5972,9.6986,8.5801,8.0642,7.8961,7.2621,7.2913,6.734,7.329,6.9833,6.89,7.485,8.218,8.7657,8.8231,9.9007,10.5036,11.4564,12.7356,12.882,14.1917
2840000,-60,52,14.367,15.6598,16.6478,18.1066,18.8013,19.6385,20.0425,21.0835,21.2938,21.9147,22.2512,22.5495,22.6404,23.0623,23.0296,22.5208,22.3406,22.2108,21.6278,21.4178,20.2262,19.6408,18.9155,17.5363,16.5882,15.5509,15.1223,13.9749,13.161,12.1995,11.3432,10.6444,9.5734,9.2357,8.5983,7.4993,7.448,7.6961,8.135,6.9864,7.0657,6.7402,7.5533,7.8958,8.2456,9.5428,9.7581,10.157,10.9544,12.3837,12.8954,13.7549
2860000,-56,52,15.7363,15.9146,17.0576,17.6755,18.6834,19.3415,20.3457,21.385,21.2647,21.9741,22.5879,22.5158,23.4394,23.298,22.2964,23.0772,22.1999,22.2431,21.6286,20.9289,20.6971,20.0122,18.5498,18.2981,16.4746,15.9648,14.8689,14.2054,12.6377,12.3888,11.3192,9.9975,9.5726,9.3916,8.3462,7.8847,8.0493,7.8654,7.4469,6.986,7.2602,6.5997,7.2528,7.7826,7.879,9.508,9.9681,10.571,11.0177,12.2054,13.5015,13.9343
2880000,-63,52,15.1173,16.0422,16.8421,17.8118,18.5879,19.2223,20.3491,21.0931,21.8224,22.0272,22.527,23.2054,23.0351,23.0439,22.7587,22.7461,22.6764,21.8455,21.664,21.1093,19.9717,19.4668,19.3965,18.1498,17.0197,15.846,15.0877,14.3426,13.0001,11.8336,10.7178,10.025,9.3928,8.8267,8.3203,7.6954,7.6862,7.2402,7.337,7.1185,7.188,6.8897,8.0413,7.5868,8.0353,9.1092,9.6753,10.209,11.5251,11.938,12.9402,13.5855
2900000,-63,52,14.5671,16.3175,17.0969,17.5853,18.8959,19.9205,20.0359,21.1105,21.3327,21.6928,22.8636,23.03,23.5429,23.1692,23.2812,23.2874,22.0479,21.9792,22.0251,21.1848,20.8414,19.1662,18.2865,18.1057,17.1228,16.1629,15.0121,13.6804,13.1423,11.8602,11.3865,10.6314,9.7621,9.0312,8.1267,7.5715,7.2524,7.2977,6.8992,7.1166,7.2798,7.286,7.4786,7.7592,8.2552,8.7179,9.5741,10.4854,11.0206,11.7674,12.7726,14.1648
2920000,-64,52,15.0998,15.8103,17.0517,17.8525,18.6162,19.9014,20.2117,21.0644,21.6224,21.634,22.6411,22.9997,22.9582,23.0777,22.8467,22.5809,22.2926,21.5444,21.7457,20.5903,20.171,18.9191,18.5187,18.0003,16.942,15.9737,15.0719,13.5286,13.3476,12.0374,11.2917,10.5865,8.8986,9.4389,8.3141,8.0837,7.4166,7.0476,7.454,6.6389,7.1464,7.0733,7.6747,8.186,8.6244,9.1791,9.5151,10.3816,11.382,12.5244,13.2266,13.9787
2940000,-66,52,15.2086,16.128,17.3497,17.878,18.9247,19.5601,20.3871,21.4198,21.5093,22.4965,23.081,22.9378,22.5071,23.2716,22.0264,22.77,22.3563,21.5673,21.9276,20.8053,20.3033,19.6784,18.527,18.215,16.3929,16.4038,15.0215,13.8769,13.3152,12.6164,10.9656,9.6894,9.6388,8.9149,9.0736,7.9896,7.1793,7.3457,7.0401,6.6455,7.0445,7.1854,8.0214,7.9836,8.5729,9.1668,9.4931,10.5528,11.4255,12.2412,12.8839,14.0373
2960000,-60,52,15.0236,16.0443,17.2736,17.6494,19.1815,19.3804,20.19,21.2013,21.2695,21.6856,21.6605,22.6594,22.7937,22.8016,23.5165,22.8537,22.3709,22.2786,20.9504,20.8284,20.1896,19.3494,18.5343,17.3951,16.6857,15.7796,14.8589,14.3276,13.6909,12.1862,11.4597,10.539,9.5849,8.888,8.4535,8.0426,7.0471,6.9214,7.2587,6.9085,7.4834,7.4598,7.3391,8.3608,8.4221,9.1987,9.6966,10.7014,10.8783,12.2993,13.0139,14.5538
2980000,-70,52,15.2699,15.8785,16.6712,18.072,18.354,19.7366,20.1454,21.059,21.9135,21.9851,22.5039,22.4516,23.5074,23.3262,22.8261,23.1215,22.3038,22.0228,21.3965,21.163,20.2251,19.9217,18.4496,17.8693,16.8712,15.7711,15.0237,14.0219,13.399,11.7921,11.0672,10.6725,9.4355,9.1636,8.4016,7.6214,7.2043,8.0628,7.6208,7.27,7.2128,7.2252,7.6825,7.8425,8.4773,8.2616,9.7617,9.9593,11.0085,12.547,12.8953,13.8201
3000000,-71,52,9.6697,8.5392,16.6465,14.8688,25.8725,21.1206,16.2179,16.5833,19.7173,16.6351,22.1664,27.1667,21.6556,20.2188,15.0518,16.8708,22.8229,21.5547,22.3396,15.2859,23.7958,17.5354,11.3454,13.4039,14.3443,15.6636,8.3381,17.5392,13.0243,15.556,17.0252,9.2731,7.1522,11.3173,1.4661,12.2291,7.2783,5.5237,2.5165,1.7706,5.8176,9.0732,7.4463,0,5.6647,11.0651,17.0352,9.8558,12.8042,12.1783,11.4703,9.4302
3020000,-63,52,14.7398,13.5313,12.5105,22.2602,19.5312,21.9458,24.4559,19.5955,22.5926,19.727,24.8487,23.6878,23.1201,19.9056,26.2936,20.4046,18.5677,18.0799,23.2162,19.2136,19.2621,23.2985,18.1051,21.4459,12.9987,13.627,14.1403,12.4044,19.2778,14.6626,16.5632,10.6954,11.495,8.8716,7.9379,7.8488,0,0.1322,7.7202,0,3.4828,7.8396,4.0416,9.5677,20.3597,0,13.5756,1.7662,9.2982,8.8046,16.5981,15.3565
3040000,-62,52,15.1089,15.6693,19.7004,14.8903,23.3734,11.7196,22.3268,21.3172,11.9393,20.2043,22.5075,19.7438,17.1276,24.8119,26.2321,19.2571,22.3108,21.816,15.412,13.7088,17.8208,24.6409,26.12,10.2876,16.3785,9.9669,15.4749,18.6162,12.6036,5.0697,5.8006,18.1689,13.9394,7.3769,5.0381,2.7142,10.7033,9.5594,2.1251,3.0643,12.6504,1.2669,8.9003,1.7155,13.0186,9.9423,16.1509,14.3888,23.0907,11.8889,4.7523,15.7995
3060000,-69,52,10.0418,16.5221,17.0166,20.28,24.5466,17.4133,30.2916,28.7818,30.6294,23.7634,20.6611,26.2559,21.733,29.2594,17.982,14.268,19.648,16.8855,26.5968,18.3434,13.1869,19.9045,17.3024,20.3074,8.8518,11.7939,18.3692,15.4853,18.6562,8.6361,10.3717,4.7,11.9719,0,5.7257,9.0414,7.3304,10.5442,9.8489,9.3497,4.897,5.8186,12.3945,6.0571,10.8312,11.5015,4.9244,14.9244,9.2908,17.12,14.5483,17.7209
3080000,-59,52,13.3846,19.4174,13.8468,11.3912,13.3326,18.8728,21.0037,24.9389,17.2674,21.0246,28.3606,30.3193,25.3947,18.981,17.724,24.2556,26.082,26.78,23.5579,15.0764,17.5091,17.5431,20.7675,17.7122,23.1767,15.8403,7.5561,15.0578,6.8458,12.3582,3.2263,18.3403,5.9508,15.5148,10.0077,14.2157,9.8213,1.4641,14.6367,9.5982,9.0533,11.4051,0,15.1692,4.2212,2.4701,14.7275,10.1726,8.1391,17.2987,19.8083,13.6261
3100000,-60,52,20.7983,18.7743,15.085,26.7096,17.1935,14.7396,23.2002,23.018,23.64,14.3341,31.2865,25.8833,20.9979,28.4993,19.1195,20.7543,13.9994,23.0231,23.391,27.9839,22.2491,25.0152,13.6125,23.8353,22.5419,20.159,17.4489,11.0153,19.0836,11.5086,11.9517,11.6417,6.9034,12.5837,10.2968,7.2401,3.9006,6.8804,4.983,7.9164,6.5437,4.2781,10.4716,10.6467,6.6653,14.106,12.7907,16.301,13.2714,0.0236,12.2575,12.513
3120000,-58,52,18.8318,11.6123,15.9961,23.5853,17.3583,21.042,24.3305,23.2888,19.2513,17.9159,27.6438,23.5199,20.0699,21.5902,22.7343,15.6565,24.4111,26.2617,18.961,17.6244,18.6555,18.7502,26.7856,21.2381,17.6316,13.5092,15.3074,13.2983,8.4301,10.452,13.0467,6.1725,4.4294,8.3836,6.8202,1.0313,12.2769,11.9353,15.4001,5.1728,9.3406,12.1356,9.6881,12.5194,9.0558,7.0645,11.5707,12.4234,14.005,16.5266,13.721,13.1776
3140000,-69,52,11.2003,15.8174,12.8817,16.6809,18.767,19.5269,17.2818,30.1744,14.6458,21.2318,20.1352,19.1154,17.4854,20.1298,11.3706,21.1084,19.5042,26.0672,22.0399,22.7568,21.554,16.8799,19.9986,20.9609,21.901,7.2384,12.7645,12.365,11.7578,13.7874,10.1517,9.3625,9.5726,12.9329,11.7411,5.6155,10.1736,8.7629,1.5636,9.7848,5.5669,6.8902,6.0953,0,7.5577,6.54,5.6305,14.6686,13.6191,7.2379,11.0641,15.1521
3160000,-59,52,7.5281,23.075,16.9644,21.0108,12.7647,18.3518,17.3254,22.9646,29.0127,26.7312,22.8749,20.5524,23.8937,19.9464,32.0478,29.2057,24.1904,31.7842,22.0033,18.9775,12.2523,18.1925,12.5652,13.9956,19.9722,18.0575,12.073,12.6096,12.8445,13.9743,14.6241,11.4942,9.7247,6.4869,10.494,2.266,8.7412,2.3152,10.0534,4.2582,4.4674,5.5349,5.0696,2.0883,7.1983,7.1564,6.8198,9.1559,16.2601,9.3628,8.3333,19.0866
3180000,-59,52,14.3177,13.5135,24.0473,17.2189,15.5045,19.4995,11.7344,25.1691,26.9757,17.1081,19.7946,30.1994,26.807,21.6754,22.2739,24.3728,28.1623,25.1831,23.8442,20.1722,26.478,21.8732,14.3239,16.2811,24.1233,8.6966,10.7649,16.2278,12.5352,7.6243,0,9.1298,14.4157,5.0098,3.8279,11.0147,13.1302,3.7157,5.6674,0.9279,7.0521,4.2391,6.8407,0,12.0824,1.6298,4.2971,9.492,3.2059,5.7033,9.3096,6.6798
3200000,-56,52,17.0403,14.5551,15.4789,19.4235,17.9363,20.5747,17.8603,21.0571,25.1512,21.3968,19.2246,15.9535,27.6166,16.6311,21.797,27.2182,22.4554,22.35,18.8666,18.0513,28.4531,15.2667,23.3755,16.6139,24.2556,10.1522,21.063,9.1779,13.4922,12.3169,8.0189,11.2856,12.5961,11.3261,7.717,3.9203,11.7598,7.4688,8.6472,11.6449,10.3637,4.7834,7.9225,7.6718,8.7861,5.9995,5.8869,11.1646,5.7191,18.5137,9.9983,13.3165
3220000,-58,52,12.6099,12.3859,21.1463,22.944,27.0078,19.8473,19.814,19.1141,21.1177,24.1752,19.3246,24.4751,28.7507,24.169,32.5503,19.5367,24.4802,21.8683,16.9153,21.3093,19.4364,17.6451,18.7655,10.8727,11.7103,19.7516,14.6194,6.5693,19.9063,19.5575,11.833,8.4528,9.3253,9.5624,7.8925,6.718,9.5582,3.5157,6.642,6.709,3.8261,7.6368,11.1964,10.0169,3.6367,4.6568,10.9508,13.4531,13.6288,14.2325,11.288,8.3884
3240000,-59,52,16.9947,21.9011,19.2014,12.0559,16.1889,19.5074,25.6493,20.7378,19.6672,19.9239,23.2342,23.5941,32.1275,22.4452,17.9871,25.2411,23.5683,22.7832,18.7262,22.8704,18.3627,17.388,16.3629,21.7523,11.1776,15.6083,13.9401,17.0214,12.3757,15.8144,8.2254,12.1845,10.7996,9.3522,14.6751,10.043,8.5897,11.6252,8.6054,5.9974,10.9344,16.1648,5.2891,10.4926,8.9604,9.3913,2.1519,7.9116,8.0696,17.9029,8.61,19.3507
3260000,-56,52,12.665,14.1598,16.0543,23.0667,20.3369,20.533,16.578,17.0412,31.7472,24.764,27.984,17.856,24.4669,27.0693,30.7075,28.3088,19.9957,19.7795,14.9051,22.0804,18.0455,19.0609,21.6088,20.8326,14.9,7.7765,15.4546,6.3106,9.6528,10.7954,7.5259,14.662,12.8632,11.8922,3.5722,8.4412,14.2827,5.1493,8.6547,9.7758,10.2977,6.5613,8.8823,7.528,10.9756,8.5648,11.5395,6.1587,6.5802,11.1903,16.9103,15.9841
3280000,-56,52,9.8082,20.591,14.3289,19.6944,19.6686,21.7068,21.5463,27.0411,26.7147,17.214,16.4503,24.5013,19.5823,22.4664,24.1051,28.9373,20.1599,21.295,24.4143,21.8222,22.5021,20.0953,25.5336,11.7207,16.0088,22.9796,13.106,11.6743,15.2873,7.7329,14.9781,10.488,6.6638,6.6558,13.8341,11.0405,1.4232,5.2822,2.4452,9.9954,6.4375,8.4578,10.5203,1.0916,10.4049,19.1869,14.4377,20.0198,0.4848,9.5789,14.3127,7.1785
3300000,-69,52,13.9541,9.9485,19.822,16.8036,14.896,15.6632,21.4805,25.1471,20.3686,24.4963,17.0606,17.0108,19.4986,25.6547,22.4019,18.5348,25.2035,25.7508,17.1489,21.1007,21.3024,17.2632,10.0364,13.7744,18.2934,18.9142,11.9281,21.7716,15.5956,6.6038,12.1298,12.5144,5.7507,10.9783,5.9304,4.7068,7.1705,5.0869,7.06,6.384,10.2477,9.5415,8.0289,8.3377,12.9442,0.8384,14.3214,15.5193,10.2361,21.5544,7.3377,9.8797
3320000,-72,52,16.8299,15.4651,16.5981,14.2149,18.0074,16.9505,15.198,21.6194,19.3411,22.9018,21.3413,24.786,28.7064,25.1113,21.5149,21.2955,23.3253,20.4231,20.1978,25.5714,21.4489,17.6508,19.4686,17.3746,14.8884,16.9627,13.3965,11.6646,15.9422,9.4462,16.8399,5.5073,11.5501,10.5944,9.8428,9.0987,11.1373,6.2024,5.5582,5.6657,15.0226,3.068,11.8371,4.5929,10.5643,13.4367,4.805,6.9209,14.7636,16.9688,10.7365,21.0304
3340000,-61,52,17.255,13.7207,13.0753,17.8549,17.8755,28.2215,22.4294,14.261,28.7217,13.6422,22.8713,20.5496,25.5485,26.4847,26.1174,12.2928,23.2547,20.2828,15.7988,23.8243,22.4765,22.332,23.4718,22.7448,14.1078,19.6972,4.3316,15.2958,8.5179,8.7676,17.4869,17.7873,13.1597,7.1524,3.6772,6.3983,2.5667,7.4629,7.2666,8.6586,5.9883,2.4566,8.7347,0.7132,8.7434,10.6895,7.9539,12.5147,13.5243,9.1014,10.972,14.3851
3360000,-69,52,18.4517,17.3203,21.5841,11.3025,20.1221,16.5114,25.1419,27.1547,30.2844,20.5268,22.8337,30.2622,24.9871,23.749,29.0063,21.2935,21.8165,22.7271,25.3468,20.1448,18.532,13.9197,25.5379,21.2457,17.5946,15.2444,13.925,15.2513,17.6797,14.5796,12.17,8.3574,12.4135,15.025,8.3425,1.7221,6.2591,11.1539,3.4198,12.9512,5.9492,4.1366,12.1222,14.7703,14.9521,10.3491,9.1038,10.4432,14.2795,6.9221,16.7025,10.4628
3380000,-64,52,19.126,13.6672,15.8537,13.7737,24.6634,28.5098,9.359,19.5003,23.534,24.037,20.4189,20.8551,25.6214,29.0557,15.7882,19.9719,24.3064,17.9743,19.3672,26.2747,21.4251,17.4211,20.6154,12.3882,17.5666,17.7661,19.8014,16.5899,13.6297,11.3795,10.2781,15.3494,14.6407,11.1639,8.557,4.4793,2.1129,5.4119,10.1607,7.6398,12.1626,6.4786,1.0099,5.1603,11.7506,9.9961,10.1845,10.2741,9.2584,14.7172,10.973,15.6086
3400000,-60,52,13.3569,5.2916,16.3838,16.1057,13.2237,23.164,26.1524,25.293,24.7063,26.392,18.5578,26.3541,24.922,20.3461,25.5289,26.4019,23.8095,20.9146,19.9481,12.8414,22.3647,14.0911,18.9975,15.4829,21.6104,14.8733,14.2259,8.2805,16.3956,10.6113,12.0841,6.905,4.6637,15.0691,0.7808,11.4566,8.1193,3.3166,8.4635,12.3093,9.1079,8.2767,4.2602,4.5404,9.1642,6.9228,13.1521,6.7952,18.1257,10.8107,14.6038,14.9618
3420000,-62,52,16.6184,18.8959,21.6845,20.0145,17.7885,20.7683,19.2172,16.6778,32.6255,21.1199,22.8366,18.4612,31.3688,18.65,27.4987,21.948,20.3298,24.5704,16.9059,23.9968,18.483,15.6353,13.1354,17.3982,16.2642,17.5028,11.2602,16.3051,21.9235,3.5887,21.9031,13.3736,16.3186,11.4938,6.8227,3.0388,8.5848,8.7902,3.364,10.6564,8.7836,4.9742,11.7044,3.6873,5.7971,12.6678,2.4869,8.8388,13.2344,13.76,20.9584,20.4123
3440000,-60,52,15.3047,13.3135,15.2556,20.9128,23.3335,19.4412,18.9617,16.6419,21.3857,23.1836,24.9961,26.507,20.7053,20.2892,28.2599,23.8279,15.6227,28.5001,18.8494,24.231,18.9898,19.7663,25.3906,10.5515,15.6304,13.0634,13.9001,12.7773,16.782,13.8817,9.3942,16.4797,13.0638,5.4823,6.9165,5.2029,8.3739,5.6915,10.0412,4.8794,7.1062,4.8345,5.0847,11.3004,2.3763,9.9491,12.9831,15.6866,7.5244,17.0271,12.652,14.3983
3460000,-66,52,20.2439,18.7538,14.283,15.472,28.1427,18.7353,20.0109,14.4598,20.6566,24.1717,20.2963,23.3479,24.2343,21.5208,26.9544,22.0014,22.1397,22.0391,14.3841,23.2995,23.3807,22.648,20.4958,17.4914,19.0928,26.8697,10.5917,16.4528,15.045,15.5294,5.5771,18.5099,14.8585,8.0855,15.7202,8.5777,15.9981,8.098,0,6.8946,5.2463,1.736,3.5644,9.0387,5.42,13.0175,2.9588,9.4678,13.1647,13.7891,10.838,15.1213
3480000,-67,52,11.2192,14.9233,20.3516,12.7856,15.7018,20.7939,13.6807,14.7379,29.7505,11.8238,23.1249,21.0092,19.677,18.5288,18.9657,25.2461,22.5795,12.927,25.0955,23.5294,19.4059,19.0411,17.6809,21.8855,17.6615,20.3052,13.0642,15.829,11.0609,12.555,19.9606,8.6649,3.3641,12.8678,6.5352,1.6147,11.3913,7.4176,7.5909,10.2232,9.3386,5.0805,11.279,1.8663,5.8586,10.5306,13.0465,8.0265,13.5795,12.388,7.8947,19.2654
3500000,-62,52,9.8455,24.6689,19.8879,17.7028,21.2985,19.1106,15.6797,15.0688,23.249,17.1012,26.4038,26.8868,25.3878,22.6496,26.9203,20.0333,20.7879,22.7858,23.0813,16.4923,15.5556,14.3943,21.819,13.1499,16.5885,21.0292,17.5612,13.1803,16.66,14.5359,7.5822,6.5698,15.8721,10.1027,9.839,7.141,2.6502,11.6689,10.0583,10.2167,4.5059,4.4625,8.0713,16.4437,6.9769,13.7512,9.9025,17.4134,12.8231,5.4766,11.3541,11.3354
3520000,-68,52,11.0281,11.8688,15.273,16.9431,13.5097,20.9122,22.8539,23.019,22.9759,20.9983,18.6943,22.9045,25.0398,19.6152,22.1001,22.815,31.5365,26.5965,26.9956,23.8019,17.8474,21.9942,24.8169,13.8744,17.1583,16.4807,17.2433,18.7019,12.2929,11.5351,23.8784,8.5347,4.204,9.5689,6.1666,7.24,7.0432,0,7.4027,7.9173,11.7979,7.9234,12.1452,14.484,10.517,10.8592,8.3758,12.9456,9.9603,2.7716,12.5797,18.5928
3540000,-70,52,12.06,20.0892,15.0962,24.1966,13.9235,19.671,18.186,22.5288,24.4214,27.4803,24.9487,20.6542,18.8024,26.3023,23.2983,19.3294,25.1932,12.544,13.3244,21.6208,14.4195,22.6024,20.9652,12.7223,13.6047,13.3196,11.4681,12.4506,12.1056,11.0836,11.803,11.3653,4.3899,8.6327,6.3958,15.1277,1.1728,0,6.4674,7.7896,8.5637,10.4265,8.4765,4.2758,13.6684,11.5907,4.8713,15.4668,13.8012,14.5982,16.6494,14.2802
3560000,-58,52,11.7884,14.515,17.0757,19.3089,18.1387,22.2456,21.3469,26.0136,19.549,12.6274,24.5868,17.1845,17.7863,20.416,21.1732,18.8748,23.5112,19.6334,26.0269,22.4212,23.3714,20.473,21.9337,20.8287,12.6147,12.7809,15.0707,14.8621,20.0371,12.9455,10.9391,10.2786,7.6357,9.5163,9.4909,7.6892,2.7296,6.2101,6.6802,7.6181,0,8.6481,4.6053,9.6381,6.9062,12.3735,15.7507,13.7731,10.041,12.2114,9.6388,25.0075
3580000,-57,52,21.0746,7.455,19.7127,20.5116,17.9984,18.886,20.8573,21.1593,24.373,24.2509,20.8451,18.8134,24.1942,25.2848,26.0784,20.5564,32.3826,15.1594,28.9538,17.7498,19.8784,26.5443,26.1603,24.0574,20.0998,17.5883,9.4422,9.2738,12.7804,14.5886,14.1635,13.8403,15.2774,14.6854,8.5757,0,11.5559,6.3526,5.1277,7.6708,1.8836,6.3263,1.7285,0,5.5865,14.8424,10.1686,13.55,10.8059,13.7565,5.5042,11.1156
3600000,-66,52,14.4641,14.4768,14.1514,17.9305,16.5647,15.5988,16.8338,24.046,17.6353,28.2669,22.8301,17.9756,19.2141,31.8635,21.437,17.1268,23.5701,20.5392,27.6861,27.4913,17.0015,22.4358,16.759,15.9863,15.693,16.8494,9.6068,16.8655,18.0925,10.5881,14.8456,13.1157,11.206,10.2174,12.8381,8.3789,7.0418,11.7565,3.4025,6.2815,10.781,10.6553,5.8351,10.1046,5.0292,11.574,7.5273,14.188,10.4143,13.09,6.2976,20.2105
3620000,-66,52,13.8914,19.8709,12.8352,15.1,14.4564,19.7155,17.8875,15.7519,24.3074,21.3656,23.499,23.1209,22.7919,24.4688,25.2498,24.4675,17.8607,17.7337,20.1453,22.1494,19.4752,11.3571,18.4069,20.5337,17.7375,12.3599,13.7261,19.2707,12.9055,10.3925,5.0724,10.329,6.317,9.5088,10.8763,6.2819,6.9161,8.6249,10.35,14.925,7.4608,7.7306,3.9588,8.4895,9.7932,11.8235,15.0349,13.2604,14.5228,7.8802,18.2805,13.0292
3640000,-57,52,18.1633,12.7293,17.6338,18.0467,17.3072,16.5446,20.9484,25.6752,21.8006,15.1755,28.3216,27.0112,20.5595,26.9892,19.9682,26.8182,20.8968,19.4664,14.3323,22.9108,19.1666,22.9648,12.8477,17.1764,22.0156,10.1876,11.8423,14.3471,7.4113,11.4714,13.7424,13.7493,12.0758,21.6021,7.791,8.6998,2.0676,4.3419,4.5927,8.1466,14.6831,12.0227,6.1447,9.2444,7.575,14.5654,1.2172,7.9973,19.4309,11.5132,17.076,21.8617
3660000,-61,52,18.0374,13.3864,5.8187,24.1848,18.2958,20.6238,16.6659,20.5266,18.3391,19.317,12.3943,25.6958,23.8092,19.8164,27.5578,21.871,20.7135,17.9638,27.704,29.4372,16.0943,15.3971,17.6268,20.9499,17.1328,15.2896,18.1555,14.8661,11.9827,11.4331,9.8242,14.4405,9.6184,8.8908,8.3827,11.6305,5.877,14.9779,3.5852,1.0998,8.0115,8.6357,5.8018,21.0714,10.1594,14.0241,12.1525,11.821,7.5917,12.7911,15.2386,8.7636
3680000,-59,52,8.0201,21.0951,23.9529,12.2367,16.6946,18.1314,12.7885,24.1951,22.3176,20.0203,22.8161,19.7519,20.6336,24.3395,21.8035,25.9293,26.47,20.1171,24.4238,27.3708,21.2088,17.9907,12.6465,16.8137,10.835,15.8185,12.6601,16.9541,3.103,14.2925,2.7117,12.5825,16.4264,10.1398,10.2868,9.0778,13.3804,3.3484,3.6746,5.1308,0.8351,1.3226,8.4745,6.9948,9.5838,7.2962,7.5487,6.5468,11.6764,7.3466,13.9798,12.6106
3700000,-64,52,17.7884,10.8841,16.0076,19.4042,17.5616,23.9807,19.6119,22.2246,21.2254,16.1021,22.392,21.4501,23.5635,25.1435,22.6604,18.0982,23.4734,28.0036,23.6118,18.2785,15.813,30.7071,23.3218,18.0236,16.162,14.1387,20.443,14.0369,14.3936,13.4077,12.566,14.8023,11.8471,5.2514,10.3315,8.6148,0,13.6629,10.3403,0.0561,0,5.0832,4.2064,0.7205,5.2615,6.1538,8.0185,8.5247,13.7269,6.8427,16.2278,19.8182
3720000,-55,52,16.4049,20.321,16.464,19.6171,15.4702,17.5188,19.6827,24.8883,22.9604,17.8341,23.3601,20.6801,22.5198,24.9792,18.8911,26.143,28.147,23.3161,19.1956,17.3677,23.4422,17.5009,24.0213,24.1909,16.3915,16.1044,17.5679,17.9889,14.8534,10.0538,15.2766,7.6501,7.2262,8.8091,11.8088,12.6736,3.4275,5.5178,8.4446,5.2953,8.3359,1.5103,8.853,7.221,10.8643,5.1179,15.0029,9.1831,13.943,17.8524,7.2243,13.7785
3740000,-64,52,17.4328,18.5362,20.4691,16.8089,15.7086,16.8072,27.8149,23.1663,22.5575,23.6005,29.8101,28.5438,16.2588,23.9977,30.165,21.9162,22.1603,19.1617,23.5829,19.5318,25.5462,15.344,17.4389,18.5393,15.4099,14.689,15.8892,12.7586,13.5433,6.719,16.1751,2.8177,7.0161,14.5989,0,16.2586,5.1315,6.0385,6.9911,11.2905,6.4556,9.8449,11.3683,14.1602,9.3582,6.5734,4.7945,7.6762,9.9623,9.8094,16.201,6.1681
3760000,-61,52,15.7913,10.8404,19.3203,15.0904,14.569,10.3774,19.6381,16.1311,22.5859,24.6208,24.6886,18.6013,17.6203,29.7296,27.2945,17.0394,17.2825,24.184,25.2306,17.2941,23.6711,23.0047,22.505,20.6217,21.6445,17.5499,22.3493,15.0837,11.2233,19.4356,8.3747,12.8477,11.3262,7.3275,7.2443,12.7216,7.7808,12.0564,4.409,4.7731,3.3651,3.823,11.633,4.5916,19.1047,4.5394,9.1097,9.6145,8.9259,13.4316,14.1529,13.1302
3780000,-66,52,8.7743,14.0667,22.1596,15.13,20.8333,17.5142,29.0286,25.2898,26.7247,18.5579,22.585,21.6993,32.6604,21.8377,18.4487,19.5824,26.9095,24.5402,24.5837,19.942,21.3452,19.8238,12.9257,17.5599,13.8231,17.3832,21.2616,5.3983,14.4232,12.3445,12.3622,3.23,1.9412,7.3203,5.7014,1.9597,6.2814,6.8085,7.6651,0.8619,3.2429,9.0361,10.303,11.1862,17.5019,2.1585,7.9262,12.3942,10.0089,12.6998,13.686,19.3331
3800000,-65,52,9.2876,19.437,18.6741,13.201,25.6184,21.586,22.4264,18.8197,22.8637,22.5616,19.4601,23.9951,20.8115,27.9977,33.8711,13.7749,25.2432,25.0155,18.3756,16.0984,28.6814,23.9043,20.4296,23.8503,20.2285,8.0932,17.7346,10.6772,11.8416,15.7801,3.6348,7.8958,10.0028,17.4627,6.3219,12.4509,10.4448,9.483,0,12.2127,5.4475,7.3724,14.0538,3.8869,5.034,8.5632,7.7602,9.7867,10.1763,5.2058,15.94,14.6901
3820000,-58,52,12.4123,12.407,20.4565,20.9296,21.8737,20.2241,14.7086,25.9737,24.3745,23.722,18.8708,19.7913,25.5069,20.0069,25.5515,23.5154,24.1814,25.9765,24.8147,22.0888,16.732,18.59,24.1247,18.7278,24.002,10.335,21.0941,10.0299,7.4243,8.5225,7.2149,16.7813,5.8273,10.7123,7.5671,1.449,9.321,7.9081,2.1804,11.1339,3.5991,0.1183,11.649,6.2204,3.7616,6.728,7.3293,10.173,6.4208,16.6547,14.9788,13.0659
3840000,-72,52,13.8383,21.9118,14.6741,32.3405,19.1656,16.2245,19.2926,20.5033,21.1031,25.2117,22.4614,28.5875,23.0268,22.3755,20.8835,28.2775,26.4715,15.4303,20.8834,21.2462,21.4017,19.6057,15.1196,22.258,13.0713,14.5366,13.5707,13.255,17.1272,9.1104,15.4083,9.2086,9.3414,16.0349,8.136,12.5832,7.8702,9.6847,11.0915,2.7716,7.6921,13.0304,9.4289,12.2717,5.1639,10.2923,6.9782,9.508,23.1399,8.4502,13.7979,13.9242
3860000,-61,52,13.8287,15.6601,17.0992,19.7512,16.7591,19.4591,22.6936,22.2518,14.7875,18.8664,21.8335,21.3703,20.0204,24.4545,28.3426,23.6123,15.5358,30.4471,24.6821,18.6586,23.4275,18.3642,22.4785,18.5826,16.3352,18.1705,13.4072,13.0076,13.9164,15.5289,9.8768,4.0225,11.014,2.8323,12.045,6.478,2.44,4.3271,11.0431,12.49,1.1594,0,19.5828,4.7078,0,3.4193,5.2488,5.7014,9.3092,11.6702,18.2553,9.0871
3880000,-57,52,12.3814,11.8836,15.8387,20.242,10.8832,15.5375,16.905,27.2955,24.4533,21.6748,18.2349,32.6089,21.422,18.934,26.9053,21.6861,26.9793,24.5457,24.9488,22.7412,17.4248,19.8322,19.3714,15.0214,22.4393,5.5804,17.6778,12.6865,18.128,8.9304,8.5316,5.7436,10.7341,5.5058,11.4399,10.684,5.2538,7.1609,0,7.301,7.8653,9.6191,5.2035,8.604,2.4748,12.3453,8.6123,6.0811,17.7826,16.9484,13.5282,13.2747
3900000,-67,52,17.1274,15.8296,22.9187,11.1865,21.8027,17.427,16.1326,23.9276,21.1074,20.127,29.3178,17.6287,18.2927,19.9888,24.158,22.7227,22.2155,18.3473,17.6919,22.2826,13.0894,21.9014,17.6047,22.2537,18.6034,17.8704,15.8918,5.1702,14.6279,11.5143,15.5357,7.1817,5.7339,13.2368,5.2945,10.8709,2.2003,6.9425,8.7566,6.3858,5.9873,10.7258,0,4.5699,1.6545,5.3042,6.5314,12.0254,10.2348,14.4417,17.6474,19.7812
3920000,-66,52,12.0725,17.3298,19.4416,15.4513,17.3357,21.515,19.217,25.4773,21.9857,24.4868,25.3568,21.6119,21.4531,21.8278,23.3131,25.979,26.656,24.9592,19.1547,20.8552,19.3766,18.8843,22.5603,14.6842,18.4795,20.3227,16.6881,10.5843,11.1534,21.6922,7.3973,12.389,12.7828,12.1458,13.9408,4.7879,9.2867,6.2493,10.6309,4.0019,8.9129,8.3588,6.4625,13.7674,15.492,7.5901,9.593,7.6199,13.3675,13.215,10.8392,17.8156
3940000,-56,52,14.262,14.5792,13.7046,10.0268,20.505,19.9838,18.9534,16.3247,23.454,26.8419,25.4157,17.9862,28.2774,21.236,23.0781,28.0806,24.4386,20.0529,23.0928,25.2362,17.7425,19.7948,16.5917,17.8806,15.7725,14.6726,8.6217,13.3799,14.0381,16.3253,5.7933,10.7769,9.4151,7.9218,6.3212,2.8152,5.5308,5.0868,4.1998,11.0026,14.9261,4.911,11.921,1.0474,6.1276,4.9717,5.9998,6.5191,8.0586,11.2614,15.0772,24.1085
3960000,-63,52,11.189,18.0721,16.9834,22.0435,23.1948,28.4966,18.3362,17.8592,19.9047,23.3347,28.1346,17.601,26.5024,18.9101,22.569,21.8722,22.1673,24.85,24.0158,17.6841,17.0376,18.197,16.8484,14.1686,18.4403,12.0411,14.9099,15.3735,10.2851,12.4189,10.4811,9.5321,7.0175,9.9261,11.935,4.4249,7.8769,5.3317,12.4442,5.9113,10.4875,10.8482,8.3063,7.6623,3.363,13.8058,7.8306,13.6869,11.4277,10.722,15.7049,14.8726
3980000,-55,52,15.7442,18.1804,9.1852,16.0735,19.6489,26.6748,23.3439,19.077,22.978,28.436,23.4883,22.3685,32.3649,24.1921,26.1637,25.1873,20.1533,22.3051,20.6649,23.7302,20.7282,16.5592,18.4288,19.8715,18.1541,10.2596,19.4618,18.859,12.8743,13.835,17.006,13.3218,10.0172,4.8799,15.9171,8.6131,5.7048,5.8269,6.4294,0,8.9299,12.3586,6.1723,11.1876,7.5477,8.9444,9.2898,13.1169,10.7589,17.9837,9.8199,14.6289
4000000,-70,52,15.7085,19.9872,16.3305,21.0568,17.3306,14.9969,10.9691,29.4929,20.201,12.3421,22.9851,16.4536,17.9227,24.552,29.7279,23.8376,18.1765,23.5697,24.2566,23.1696,23.796,23.9741,23.1572,20.4112,19.4235,25.1768,13.6058,13.1084,6.8216,16.5247,3.7115,9.334,9.7876,7.6208,4.2983,8.0868,7.0679,0,13.0117,8.3901,0.466,2.5227,7.2081,10.6393,4.1345,7.2413,0,10.4672,11.6804,16.595,8.0257,14.5783
4020000,-70,52,18.7073,13.9634,18.7591,18.8136,23.546,19.9588,22.2216,22.8217,22.9267,20.6491,25.9981,19.6857,19.5178,19.5256,28.1388,29.039,22.0051,22.352,31.3553,29.8888,18.7579,11.4504,18.2511,21.3348,20.8753,12.6685,16.6689,16.8963,10.2238,5.5475,14.9617,9.3107,6.114,6.2515,9.2932,11.3883,7.2485,0,9.2123,5.9505,6.0717,2.8079,6.4826,10.2064,0,11.3453,15.9108,10.6744,11.8387,13.8495,11.3611,14.4947
4040000,-58,52,13.7672,15.1327,11.4838,11.5711,18.3386,20.1027,21.4585,24.0489,25.1647,19.8586,21.9843,18.9726,23.9362,13.7188,17.6287,20.6209,24.0536,27.2083,23.813,22.6722,22.5473,24.1825,22.1189,21.3116,14.5021,12.8611,8.0306,10.4484,4.8334,5.7808,10.8399,4.9398,12.0025,7.5318,11.3209,7.9651,9.4481,16.242,5.3886,5.5294,6.9705,7.2461,16.8656,12.8863,13.1481,14.5155,5.6637,12.4966,9.0909,18.5559,13.3172,18.0275
4060000,-60,52,13.9831,12.3591,18.7609,14.8721,23.5273,22.1181,20.8472,23.3374,19.4314,19.6798,25.1538,26.1214,17.1863,25.2101,22.9348,24.7922,27.1775,18.6601,25.0898,28.2033,24.5255,14.1297,16.3343,21.2975,10.8479,10.4806,17.2869,12.7898,6.5385,18.7758,13.9221,10.3798,8.0036,11.0308,5.3574,6.0764,15.0644,2.5135,6.4115,6.9886,6.2258,12.9463,4.9827,4.7829,14.6577,8.8447,9.4872,11.8129,10.3884,11.7275,12.1851,9.6137
4080000,-58,52,10.478,16.2402,21.6263,13.1213,19.1119,18.5001,28.6455,22.516,25.3154,27.4425,23.9439,21.2266,16.1738,26.7444,28.2902,24.733,24.1546,22.7751,10.5681,17.8564,22.2012,24.7278,26.2985,18.634,18.934,13.1187,12.8016,5.6252,4.8685,7.174,1.8285,9.4814,3.4355,13.3717,7.707,6.6333,9.664,3.0275,6.8375,5.3393,4.0478,8.3507,9.024,12.4186,11.5013,14.8805,9.8636,10.1818,10.7292,15.8392,10.268,18.387
4100000,-70,52,10.9197,14.1623,18.2127,18.9998,18.3893,17.0021,11.5715,15.3568,22.3236,15.0693,23.2653,26.5622,28.5434,26.1382,23.0982,30.3888,17.0881,15.3691,24.0139,27.25,21.1948,20.5254,18.0329,15.4278,19.1275,18.654,15.3887,16.5897,14.944,10.4947,9.5589,16.3967,9.2715,13.6337,5.1547,6.158,4.7721,3.8323,1.9244,1.4617,14.4469,8.9686,3.7774,11.1875,9.9393,15.0486,5.519,16.4436,12.0641,9.55,11.6124,9.5354
4120000,-64,52,20.8019,19.6852,16.6828,22.3227,20.6592,19.9332,18.9055,18.8332,24.9786,26.1775,19.7717,25.57,22.0497,22.4465,21.2433,17.393,22.8234,21.715,18.404,22.6998,19.2048,18.0719,21.6417,16.0614,14.4026,16.4953,22.2131,15.0276,8.0408,13.5792,7.576,12.0602,11.2338,6.376,5.8767,10.5134,6.0532,4.1877,15.1162,5.503,7.7693,0,3.3423,7.7335,9.9117,0,8.9134,11.0177,2.2656,11.4704,20.9309,7.2576
4140000,-56,52,18.4109,26.1268,16.9391,15.7269,13.6552,28.3369,23.6863,20.3502,22.2978,14.926,20.1557,23.3844,25.2013,23.012,25.4534,20.4952,25.0499,23.5043,22.0866,22.6527,20.5061,25.6188,20.9083,14.6425,13.274,16.4861,9.0074,15.1476,10.2906,3.7807,7.5816,3.878,7.8514,2.479,10.1452,9.1045,7.6952,5.0981,8.3031,0,9.8081,1.3689,3.9583,9.7426,12.5851,11.027,9.3756,5.1497,12.2514,17.5549,13.515,10.2204
4160000,-62,52,14.7742,15.9622,13.641,15.4845,21.2761,20.8943,19.1016,20.9885,21.0178,23.7563,20.6004,24.4445,24.9583,25.8032,20.8699,18.6842,21.7909,32.0221,23.3114,24.6305,18.4186,19.3381,19.9939,14.3764,16.2796,10.1563,9.0134,18.1332,14.2009,13.9425,5.1972,10.1888,15.5058,9.4358,6.4014,4.241,11.4835,8.6457,6.9594,5.0165,10.1292,0,0.5492,7.8261,6.5932,1.5176,11.6111,10.112,13.099,15.952,13.5734,5.9656
4180000,-70,52,17.1249,18.904,21.8067,15.6897,21.0849,26.4743,19.6875,16.6245,24.6877,23.0608,25.8309,25.9762,17.3106,29.2195,21.7546,19.9575,20.7293,24.9424,23.6908,16.4492,21.9324,22.9324,22.2403,18.2262,13.3792,11.9039,14.3183,14.8894,12.8705,9.1464,12.8223,11.3539,8.872,3.409,5.506,9.2612,13.5379,6.1569,7.3353,14.4701,10.363,1.638,3.1384,7.263,11.8415,10.7991,16.3271,19.2025,5.9236,5.8638,4.8237,21.6092
4200000,-70,52,12.0174,20.8128,15.6157,21.6708,21.3915,25.6109,19.1349,14.502,29.3373,26.3008,29.4169,21.2243,11.2093,17.3983,19.2189,19.4612,24.1507,16.1566,26.5608,22.5649,22.3359,28.6867,17.7697,23.8752,18.7697,20.3047,18.8688,15.1793,14.4567,15.1382,14.0062,10.542,10.8658,3.2769,7.7253,12.3193,8.9408,1.7352,9.3975,8.6363,6.3381,4.4983,2.5814,3.7579,4.9792,6.1934,4.9683,13.0245,6.8906,10.9926,9.6574,12.7365
4220000,-62,52,12.5318,19.5299,10.5123,19.3974,20.2325,25.5438,18.8749,18.267,29.2467,23.6588,28.0155,21.6293,19.53,21.6162,25.9939,33.9387,20.2178,24.5175,19.1921,26.4832,25.8099,20.579,20.5782,21.0624,4.8801,21.4865,25.6544,15.6141,8.7276,10.5496,12.1466,19.4305,13.3952,13.0374,9.4751,6.4525,9.9831,19.4376,4.7928,5.921,10.8067,13.0672,7.125,3.8852,2.8157,12.6397,4.9849,13.1155,9.6771,15.6076,19.6353,19.1585
4240000,-62,52,10.0678,15.8929,17.5486,21.8564,18.8587,16.2623,22.3847,19.921,24.4131,19.1949,30.0069,22.9254,23.4162,17.1742,22.2017,21.1049,18.8345,20.0747,19.3295,22.2595,23.1078,20.0617,15.0658,14.827,21.4642,18.4844,14.2777,14.5019,11.2238,10.6268,7.0002,6.1467,10.5136,8.7564,2.7352,3.7152,3.8442,10.299,10.1568,15.2834,0.8728,8.9134,7.8232,12.428,7.7975,6.414,10.6795,11.5395,16.4351,13.176,7.215,15.5748
4260000,-58,52,22.1256,15.5031,21.557,17.0358,22.8876,23.0454,15.91,28.8348,23.9884,25.8343,22.9373,22.6577,28.8306,24.2127,31.7712,13.0103,23.4701,20.9197,18.8914,22.5331,19.874,17.5594,19.6781,12.1441,16.0582,15.7776,8.61,14.81,12.0101,16.0496,14.2866,4.3048,5.5431,13.8195,2.6383,7.496,5.6649,8.1255,8.9562,9.4782,10.1063,1.2716,9.3775,9.4885,5.3033,10.9089,15.7831,6.7496,11.731,13.9148,12.1007,12.8139
4280000,-57,52,15.1058,9.237,13.559,22.9491,16.5935,23.3708,20.1453,24.1941,23.7258,22.573,21.5716,22.6424,26.7002,19.4781,22.1698,19.4323,21.3767,17.0226,19.4524,26.9388,19.2308,17.4916,19.4311,15.8634,10.7322,11.0145,14.868,16.9097,16.2208,7.8997,11.6537,10.9559,6.5607,12.6051,11.7238,4.4043,0,8.47,12.7199,6.0083,3.0307,4.777,3.6639,7.3468,13.5868,6.4215,12.8523,7.1263,7.3916,12.5556,12.3703,12.7587
4300000,-65,52,13.962,18.6196,15.6863,24.6674,20.1336,13.9241,17.5532,24.4674,29.0113,17.5451,26.6232,16.237,23.9478,18.2303,23.3063,25.4338,20.4106,18.622,24.4927,23.0692,24.9371,21.6254,12.2966,16.412,24.3072,8.3467,19.8566,15.8179,13.1247,15.2396,10.8763,4.3496,7.9443,6.5764,6.7818,3.8158,12.8284,8.6037,5.3999,6.4383,9.8329,14.2421,15.4805,11.2824,7.0128,8.8117,10.4403,15.7129,7.3833,9.979,6.2969,12.4314
4320000,-62,52,15.3876,14.4552,12.6346,18.4241,16.9036,19.8198,15.7323,18.1113,21.4123,22.6122,14.6331,26.4748,22.1308,18.7517,19.6101,18.6023,18.0379,17.0492,24.6266,20.8396,17.6519,21.2952,16.2919,15.2166,13.6646,16.307,13.0839,11.5566,9.5059,11.4291,9.2102,6.2029,8.3279,7.6288,8.5215,5.3817,15.9761,7.5789,2.3857,6.7193,9.9837,13.329,6.6903,6.3381,10.7866,6.2198,6.8251,3.5929,11.9482,13.963,13.4765,17.4403
4340000,-63,52,12.9055,20.4141,19.6112,19.8726,14.6981,16.2393,21.6211,22.9142,22.3061,15.0989,25.7726,18.3742,28.4642,31.3651,28.7246,22.0796,24.1575,15.3307,20.4545,30.2156,12.5485,20.9243,17.9777,19.9498,15.0372,19.1977,14.8685,9.6658,9.5176,13.9727,5.401,13.8285,1.0221,14.9795,4.0306,13.6731,14.2637,6.1637,13.2561,7.7624,8.6919,13.3715,6.4454,11.6322,5.3289,15.3798,7.3485,15.0122,12.1513,14.807,5.2062,13.89
4360000,-69,52,17.1115,17.0306,15.2965,8.4444,10.4926,14.1089,26.8913,18.6964,13.7694,28.5431,21.6612,19.8471,28.2369,22.5641,24.2078,23.2625,19.7464,26.2345,18.5568,22.2281,12.183,20.9967,28.5488,22.7676,16.0935,8.5498,18.751,10.2349,8.4937,9.8566,7.9817,11.8041,4.0641,7.315,1.5033,5.3451,6.7042,5.1884,8.0677,0,5.0029,1.0062,11.1709,6.9101,9.3593,2.445,10.4672,13.8913,11.8124,15.9195,16.4463,24.1593
4380000,-64,52,14.7766,22.5985,18.9085,18.1288,15.3142,21.6812,19.0545,21.0955,12.8849,20.5148,21.7593,22.7119,21.9986,23.3927,15.7868,22.5782,23.6418,17.5754,16.5251,18.4179,19.8008,14.4059,25.5935,16.7136,9.8958,14.5447,15.975,12.6259,17.9368,9.5944,17.9545,10.1597,10.1509,4.789,7.6799,12.2365,12.3139,2.7611,6.1462,5.7372,4.8759,4.3128,1.469,6.8519,10.2337,5.1624,14.8783,11.1594,18.7842,12.4628,15.923,14.3738
4400000,-59,52,19.6054,22.3447,11.0175,14.3804,13.0132,18.3682,22.585,28.0554,29.1314,18.2593,21.3327,17.6485,23.7912,25.101,22.2789,24.4892,13.0727,20.0785,23.6077,21.5003,19.4256,20.7789,25.0301,11.1618,15.4499,13.7141,21.3633,24.5361,14.0448,21.0993,11.4139,9.5237,16.606,2.3263,15.3754,14.7123,15.4602,8.5118,8.7242,4.8296,11.1523,8.5404,9.698,14.4296,6.6749,7.9036,14.3618,9.5422,7.0319,9.8852,14.5135,16.3786
4420000,-57,52,14.7786,12.2024,21.0557,17.716,19.1483,21.2358,15.7484,20.7901,11.9675,21.5553,26.3714,23.1636,13.9924,27.9189,26.0002,24.9916,21.9391,23.4506,27.0637,19.0517,21.1091,25.7098,14.4478,11.9259,17.4231,15.4617,21.3069,12.5941,14.0595,11.4303,12.7183,8.4097,14.5237,9.2936,11.2836,11.3923,12.746,8.539,8.6977,13.3561,5.5753,12.5764,9.3721,4.1802,10.6218,13.3164,13.9247,16.3847,9.4176,8.8377,19.3483,10.8424
4440000,-72,52,11.581,16.0168,10.7342,11.6322,18.3825,23.0487,21.05,17.4758,22.3922,21.4048,28.6212,16.3927,26.6684,24.1209,18.9652,19.935,22.8587,22.6653,22.9881,19.9294,22.253,19.3997,7.4018,19.5789,19.9838,12.0654,18.6122,18.1022,10.8307,9.5447,2.8023,12.1015,13.7453,13.2283,4.753,12.0408,6.562,2.7746,6.9954,0,7.9903,9.8884,14.0683,14.8728,8.6696,10.649,13.0629,12.7378,12.712,10.9329,13.4659,16.5629
4460000,-63,52,9.8769,25.4769,14.5363,13.6148,11.3782,15.6781,20.437,18.8663,16.3911,24.8531,14.2754,18.2992,31.44,24.8562,22.0002,23.5972,23.2959,24.4857,22.2405,21.8125,20.9649,17.2607,16.424,22.5167,13.2611,16.3364,9.9104,8.7029,9.2038,10.1172,12.5038,15.8943,7.7748,8.4425,7.1633,14.6434,10.741,5.5627,9.4555,5.0802,8.6789,2.9017,1.8946,6.1315,6.6119,5.825,8.261,10.2828,7.4778,16.4554,15.1127,13.5793
4480000,-65,52,22.439,14.7903,21.5122,22.1695,21.3106,22.18,15.4507,22.4793,31.257,18.222,24.9802,22.3179,26.4896,15.4636,20.7355,22.6161,19.5571,15.8132,23.6783,27.2563,13.4345,18.4309,14.1775,15.9434,21.6381,17.4011,9.035,12.5258,15.5012,12.1203,14.5595,15.531,4.4561,3.0765,9.7896,17.0546,6.4645,2.3547,11.0941,5.8311,7.4331,8.4425,11.4929,7.1364,4.6771,12.1141,5.6894,12.6163,8.4891,17.9174,12.5979,15.5366
4500000,-55,52,13.6531,13.5813,16.3574,12.4952,24.8455,22.2796,23.2181,24.5232,27.3038,31.1285,33.4336,21.1352,21.1135,24.4886,18.268,25.3749,22.5134,25.799,23.0316,30.6403,22.8795,22.6742,17.9191,12.5854,15.641,13.5658,17.0092,16.5406,10.4227,17.1946,6.4475,9.8256,10.4281,3.6584,8.8961,12.1855,9.7095,2.7444,5.2782,5.5267,11.95,2.6519,5.991,0,9.5154,8.6508,11.3082,7.8407,8.3381,9.148,16.1699,19.5195
4520000,-57,52,15.1516,13.115,27.9982,26.2188,14.4099,16.2754,15.0618,27.1232,17.7037,15.5311,26.5551,21.8093,17.7627,16.8928,21.7308,29.0711,21.9873,25.0894,17.4162,20.7831,26.2011,9.7576,20.3188,18.758,17.9424,13.1641,9.6533,14.2045,12.1378,10.5462,12.4949,4.2927,2.6181,6.1754,4.9766,11.3205,11.0227,5.4544,2.768,3.8139,9.7444,0,5.7417,7.0015,8.7493,5.2429,5.6501,2.8032,7.7535,14.0506,12.9534,10.3431
4540000,-58,52,18.1277,11.784,7.5176,16.4835,20.8924,14.3556,21.3326,15.1288,26.6917,22.9137,32.032,24.2278,30.2665,28.2382,25.0123,16.6438,24.2692,19.6026,23.1137,17.6485,23.2884,19.0447,17.5372,18.2535,5.0613,19.1506,14.4125,21.1177,14.8188,18.8068,7.911,9.4235,6.6812,11.1636,11.5031,0.8402,9.7587,4.407,2.1729,2.6158,8.5407,4.7697,8.3971,6.289,7.414,3.387,7.8885,14.7842,12.8155,15.7806,12.5079,20.2801
4560000,-61,52,12.7686,19.6314,15.3963,19.6381,19.0688,20.1695,21.579,24.1936,15.8524,21.8632,21.0131,27.6781,25.3718,27.9929,24.5149,23.5808,20.363,13.4646,17.5259,14.3011,22.5267,22.4373,17.4206,19.5355,11.1129,21.0635,14.2958,5.8857,14.7397,6.9023,14.7613,9.8087,10.8736,16.4007,8.4759,10.2372,8.4435,7.1899,8.0431,13.0858,8.6388,15.2374,0.7194,10.5913,10.4672,11.6691,17.397,8.7131,7.0054,12.6143,0,9.0683
4580000,-66,52,8.3855,20.0278,12.0054,15.1019,27.2292,12.3766,20.1787,14.724,28.7523,21.2656,22.1529,26.6002,30.5512,17.4752,21.3376,26.1678,24.5559,21.5241,29.0467,11.9607,20.402,24.5164,26.491,25.9868,17.9302,11.3135,11.5709,14.5625,15.0023,7.0665,10.0945,4.2067,6.5784,4.9957,12.8723,7.4973,6.3386,6.6375,3.6153,3.8151,0,11.0954,9.9511,12.4283,7.1325,8.513,5.0658,17.0332,14.9062,17.0139,18.9271,16.5816
4600000,-64,52,21.1026,13.8685,15.8612,13.3104,16.0035,10.3705,23.0792,20.747,16.8336,23.5577,20.8466,19.5781,15.5438,19.5269,25.0482,22.028,16.6172,20.5935,21.4001,21.4168,15.431,15.5333,17.4466,19.4063,22.3768,15.1818,8.6366,12.8313,12.7545,9.1557,5.8627,6.438,10.7815,11.2963,5.6538,4.144,8.7833,8.4115,11.9876,5.2654,10.8173,5.9857,2.3561,11.3049,10.7808,11.8164,12.7826,12.5784,9.1009,4.2359,10.5303,14.0408
4620000,-60,52,16.1363,19.5073,15.9215,16.519,17.0213,20.0754,19.9037,29.204,26.3199,23.9898,21.7448,21.1332,34.5456,23.1261,26.4894,23.0485,19.9955,28.8168,18.0561,19.3798,22.5355,20.5837,15.6443,14.2845,6.2695,13.5698,19.9736,17.5063,15.2689,15.3617,13.1932,14.321,13.5957,3.347,1.0832,7.5784,2.2683,9.1192,14.7497,3.6885,7.6068,5.2831,16.0862,4.1612,13.1417,12.8113,7.6517,9.1568,13.4051,13.6999,16.1771,18.6004
4640000,-62,52,23.4979,12.4642,13.124,16.6582,16.8335,20.1839,16.8803,19.7682,19.617,24.2951,23.5448,20.4129,19.8348,25.1319,30.7476,18.2571,25.7555,13.9468,19.5728,13.6117,24.2466,22.3624,16.8994,14.8267,11.7582,15.0698,11.0756,13.2378,10.5193,11.3934,9.418,14.3968,12.7774,18.1156,4.5909,9.8256,8.2833,7.6672,11.1288,10.1295,4.4199,5.0592,14.3771,7.5838,9.2254,2.8674,8.5459,10.2546,14.5189,11.0386,5.7613,9.5493
4660000,-55,52,16.6073,19.0401,17.8243,18.1196,22.5756,18.7271,17.3397,24.9757,24.2982,16.651,18.1198,24.6934,25.726,19.1279,22.4343,21.6691,23.4585,26.3961,22.6967,23.5913,17.5989,25.2662,13.515,17.9913,15.9916,15.1709,8.6835,19.857,15.5526,14.3752,16.1265,7.1364,12.7835,7.1918,10.1755,11.4825,8.7306,16.0871,5.1574,8.3457,2.5202,3.9894,7.0552,16.9436,5.7499,3.3091,12.5077,8.4678,16.6994,10.0291,16.6011,11.9187
4680000,-72,52,11.4308,18.0483,15.404,26.3072,20.6024,15.3156,15.7658,17.6845,16.6953,25.8526,16.8796,24.6212,23.9048,28.6172,29.4018,28.483,19.9408,22.2669,17.1032,29.4662,20.0582,25.5854,22.372,16.1346,13.7247,15.2247,13.266,13.2183,18.5299,17.2374,18.5919,3.9312,5.2743,7.4282,17.6012,17.3488,5.6314,7.6056,8.0709,14.501,9.7726,13.4487,8.5527,5.1254,5.2002,6.1651,13.06,14.6697,20.2903,14.5396,13.3581,11.4612
4700000,-66,52,14.8121,14.7825,19.2081,18.0422,20.6478,17.1961,22.3139,24.9634,22.6946,21.2932,15.4152,29.3991,20.0858,22.8996,20.4184,20.1731,22.317,21.1927,14.4125,23.7998,17.6591,17.5797,21.3861,22.1063,16.114,17.7356,19.4338,15.9587,19.4338,12.8625,10.7108,6.978,18.0575,11.0713,8.2416,7.5177,8.9074,7.2623,3.1226,10.3603,11.2805,1.9285,12.4214,9.0183,15.8146,9.9368,4.5445,11.2239,6.6912,16.1569,6.4332,19.7705
4720000,-65,52,12.7451,10.9382,10.22,27.6681,10.097,22.05,23.1408,25.0576,20.1584,23.8038,20.8673,20.8888,37.6566,19.9401,25.7671,20.1782,29.6554,23.0331,24.3275,24.479,19.0836,14.7008,19.3025,21.8523,18.9171,12.8147,18.9068,12.5421,7.4308,15.3779,7.5593,11.8251,7.3694,11.6984,3.2552,11.7216,8.2849,9.9234,8.0122,9.4526,11.1726,3.0455,1.2163,2.0801,1.9283,6.9845,4.876,13.5904,11.784,14.3135,17.5963,17.7034
4740000,-63,52,23.2494,10.3334,19.739,14.8333,19.8526,22.9936,24.8282,17.2425,25.5093,20.4468,23.3034,22.4606,24.3409,27.9856,28.3197,32.9004,19.5881,15.874,18.2796,16.93,21.0229,17.374,17.4991,20.5823,16.4233,9.1984,9.5273,14.4946,13.4989,7.2611,10.5387,9.6826,10.9006,9.8543,17.3285,9.1257,9.9685,4.6073,14.8817,11.9612,2.9582,12.4035,10.8304,7.0209,13.531,11.2645,6.2269,18.4012,7.8476,13.3604,14.625,17.0675
4760000,-55,52,19.4267,22.9215,17.9558,19.5543,22.1886,17.349,15.0918,18.8607,20.5767,18.9929,24.23,20.2941,30.2427,29.3042,24.4629,21.7912,30.4699,24.1019,17.0967,21.7621,20.8761,14.2617,22.5014,17.5456,12.0587,17.8539,14.2423,14.296,7.1228,12.4719,9.2557,13.4851,13.0044,10.9694,10.8859,12.9367,3.5895,0,14.2285,13.0058,9.6274,6.58,5.3078,5.4319,10.2832,2.2342,2.6836,19.5284,5.7067,12.3471,2.6438,7.3795
4780000,-61,52,16.5519,13.8632,15.9985,22.5988,22.7246,17.2062,21.39,20.2588,21.8245,25.4984,18.4369,24.1114,29.3881,24.6748,23.2132,18.3481,26.9139,24.53,29.1274,29.0871,15.6738,14.9614,22.6049,18.3084,20.143,13.7564,20.8198,15.3744,11.8999,8.7456,13.8523,3.047,10.5653,5.015,3.1797,15.9287,6.5419,2.2559,3.9157,7.2209,14.7258,2.5905,12.6242,10.9262,6.423,13.345,15.2143,15.2313,11.9408,10.3773,16.5379,15.7788
4800000,-68,52,12.3535,14.6799,18.2657,18.6635,17.6191,13.1047,15.5606,28.3475,26.3638,24.347,32.784,20.5081,20.5035,20.3706,20.1358,18.0273,24.5314,22.8392,29.5385,16.4841,22.8124,25.3968,22.2924,20.1557,15.8327,13.4381,14.185,10.1639,11.2404,10.3076,13.8677,4.7342,3.4365,9.1968,2.0499,9.1635,0.8607,2.8993,2.6042,8.6825,16.5524,12.4176,6.8368,16.0955,6.1101,7.829,14.5148,15.2157,14.2251,19.3571,13.199,11.1624
4820000,-60,52,11.464,11.9383,13.0952,15.0045,17.7872,23.6588,23.247,15.1661,15.8566,20.9706,25.4651,22.1619,22.9812,21.5381,26.334,24.1797,21.884,16.5524,22.2578,19.5007,20.8799,13.2229,25.3048,18.3344,21.4444,18.769,18.2773,12.1344,10.5579,6.6957,14.1397,11.7108,12.0351,5.3105,8.1917,3.3444,0.7283,7.2455,1.242,20.8021,9.0083,12.1835,11.1184,8.9056,4.0722,9.9845,16.5601,6.8727,15.6793,11.3894,16.6209,11.436
4840000,-68,52,14.6991,12.0279,24.6425,15.3062,19.6514,15.7365,21.8652,19.3318,18.7457,25.2742,26.0498,14.849,28.5719,30.8566,23.0914,23.4791,19.3486,22.6345,23.0964,25.4291,24.4053,25.857,20.6761,15.2729,18.9282,21.0453,10.725,14.0589,15.8408,8.4498,9.3968,7.2311,17.4709,15.123,6.9231,2.651,10.5689,10.9886,4.2667,7.1012,0,7.8303,5.0554,5.2416,6.3521,14.167,5.5632,6.9656,7.6916,11.4867,8.8104,18.4001
4860000,-68,52,7.7548,23.7218,20.9309,19.519,16.3399,20.9108,18.9613,23.5768,23.984,19.5874,31.7368,17.3509,24.1084,18.0454,19.7687,21.0947,23.1944,24.0435,19.1146,26.0824,23.142,19.0243,16.2621,16.2163,18.8778,11.7686,14.2225,14.1853,11.2967,12.0398,11.289,4.8637,13.7498,11.2846,1.6858,2.8565,10.5582,6.4171,0.4706,9.1641,7.8832,4.1238,12.3503,13.9912,11.2216,10.1028,7.3077,7.8129,13.3626,8.0698,15.0244,16.572
4880000,-62,52,11.5422,16.2978,18.8993,16.047,19.6796,17.1473,25.143,18.4734,21.1841,23.4399,26.1289,19.5414,19.9211,22.9216,18.521,27.1326,24.5046,19.3944,22.5344,24.2025,25.9598,20.5799,15.3398,19.6548,18.9474,3.5323,11.2937,15.3259,15.4773,15.7785,7.5974,19.1065,7.1406,9.7377,5.8481,5.8842,4.4968,5.4065,8.3636,7.1396,4.9513,11.2708,12.2698,13.7885,7.7736,9.6542,6.4537,11.8761,13.6918,17.1209,13.4654,8.3023
4900000,-62,52,10.2483,13.8861,17.922,16.9289,18.2834,17.4621,21.6857,21.5741,24.4048,26.0479,25.2033,21.6918,23.2553,12.2908,20.7711,26.277,22.505,17.4252,16.9,19.6237,17.7802,16.4206,22.9014,23.9916,18.6316,11.9524,21.5972,19.8703,12.8857,15.1146,8.1447,6.4232,16.9762,11.504,8.5965,9.0798,8.0833,10.0885,11.7032,13.6205,3.5256,7.2195,7.7431,1.9621,15.1792,9.8342,3.7488,10.7461,9.6335,7.3844,18.2557,15.3677
4920000,-66,52,15.5973,20.5776,15.9556,19.1675,22.23,16.3141,22.2224,17.4497,21.8639,22.4807,18.5976,18.752,22.5615,26.8548,17.141,27.6641,22.5608,19.0066,24.4395,29.0424,15.7757,23.167,14.5725,19.1364,22.7636,14.762,15.3395,11.3507,16.0938,14.7388,18.5703,16.2366,11.5559,15.506,8.1139,4.5609,6.493,4.6508,4.2245,5.1192,1.4284,8.5363,8.5836,16.2567,9.967,6.6849,10.3188,10.5495,15.0879,5.1979,15.7094,23.3626
4940000,-60,52,14.1697,11.6165,11.7337,22.0816,22.7387,17.3608,14.4592,16.9212,16.8882,13.9081,24.1631,23.661,23.9488,23.0017,23.5129,22.9533,22.4775,22.1009,15.5036,23.1745,22.0607,19.1079,14.8246,22.0858,23.388,14.769,12.7391,16.3594,11.1722,9.3995,13.2567,10.8967,12.4729,12.4499,18.837,3.1911,9.2605,6.1967,0.6099,0,9.2462,0,9.7752,6.8902,13.3,13.1877,1.6793,12.7709,10.1984,9.1575,18.1824,14.763
4960000,-70,52,14.7314,13.6724,22.4389,20.2339,23.3274,20.4208,22.3025,17.3789,26.7534,21.195,23.8684,23.1617,23.3393,19.7765,22.0414,27.2468,22.7652,21.2413,20.4682,29.0215,20.7203,23.8852,24.5148,17.9078,22.2372,10.5418,5.9403,17.9329,10.1901,12.3722,12.0043,9.4411,6.1482,13.0845,4.062,9.1441,10.54,12.2593,3.5637,10.6623,11.0324,12.4023,6.107,9.946,4.754,11.6106,7.7829,13.1784,13.904,6.0231,8.0877,14.2081
4980000,-61,52,16.6511,15.5557,16.8708,20.0133,23.8457,16.9203,15.5619,22.5039,18.0235,14.4757,17.5202,30.2206,25.1679,22.7573,19.8588,27.5158,22.2248,14.2812,11.7406,16.0741,22.2646,12.3419,12.7932,22.3525,25.8512,7.6483,10.3405,12.7138,10.3567,10.7627,2.2044,7.4776,9.3028,2.9529,9.5048,3.4096,4.0433,14.0043,0.4793,13.7192,0,6.1612,8.2383,11.5667,2.8252,12.6594,14.1842,14.0026,4.0166,14.3408,15.1296,12.4549
5000000,-72,52,15.62,15.4719,17.0228,17.5032,19.1169,19.3113,20.1297,21.4604,21.5168,22.278,22.0034,22.204,22.9613,23.0506,22.8837,22.9635,22.6926,21.6834,21.8844,21.1227,20.8347,20.0355,18.6947,17.7997,16.6895,15.806,14.8196,14.2163,12.5924,11.7044,11.0165,10.1532,9.34,8.2682,8.1369,7.9164,7.5075,7.5721,7.2068,6.5208,7.0973,6.9204,6.9917,7.5944,8.8489,8.8686,9.9882,10.4456,11.7746,12.0458,13.281,14.1544
5020000,-70,52,15.4176,16.2041,16.7691,17.1744,18.239,19.6846,20.3517,21.8496,21.8362,22.139,22.5802,22.1869,23.006,23.3017,23.0986,22.7777,22.8201,21.6866,21.8828,20.8599,19.9704,19.5402,18.6208,17.5557,17.3038,15.7659,15.3797,14.1557,12.974,11.8328,11.4866,10.3114,9.8245,9.2239,8.3453,8.0424,7.8419,7.705,7.1671,7.3287,7.5767,7.251,7.7475,7.3059,8.4288,8.9229,9.8073,10.7049,11.0454,11.6339,13.1288,14.3582
5040000,-69,52,15.132,16.0621,16.8705,17.1118,18.4204,19.4207,19.9939,21.3335,21.947,22.1308,22.3329,22.368,23.2085,23.2106,22.8725,23.1442,22.3829,22.1353,21.5252,21.7168,20.1148,19.7815,19.2888,17.5195,17.0226,15.8569,15.2048,14.3676,12.9188,11.8829,11.5722,10.4491,9.6859,9.1231,8.4639,7.7302,7.1913,7.4317,7.0772,7.1684,7.3707,7.5789,7.6251,7.9238,8.4509,8.8694,9.4943,10.1116,11.8995,12.1976,13.5256,14.5481
5060000,-57,52,15.0614,15.7803,16.5764,17.8909,18.9593,19.7178,20.0544,20.7096,21.6399,21.9246,22.7303,23.024,23.0141,22.9138,22.0578,22.693,22.2734,21.9924,21.5962,20.4141,20.1665,19.7082,18.7095,17.9418,16.3625,16.2162,15.0136,13.966,12.7578,11.5522,10.9653,10.7151,10.0292,8.642,8.7049,8.2137,7.678,6.624,6.7524,6.6002,7.2814,7.5711,7.3988,8.4187,8.3476,9.0427,9.8105,10.5066,11.413,12.0572,12.9038,13.8121
5080000,-60,52,14.9163,16.391,17.1878,17.8139,18.9289,19.1942,20.8208,20.7017,21.243,22.1489,22.5069,22.1943,22.6164,22.7949,22.774,22.3981,22.5165,21.9247,21.3445,21.381,20.6706,19.4871,18.6373,17.7646,16.4327,15.4568,15.2846,13.7503,13.1807,12.8426,11.1825,10.6538,9.9849,9.7614,8.513,8.1694,7.4113,7.0157,6.6934,6.7426,7.2145,7.6152,7.644,7.3907,8.3425,8.8316,9.5095,10.0195,11.0904,12.0969,12.7319,14.1201
5100000,-69,52,14.9025,15.3589,16.7834,17.6811,18.8581,18.9971,20.4818,21.3836,21.3587,22.088,22.2429,22.7909,22.6028,22.8452,23.1899,23.0932,22.4677,22.8655,21.9168,20.1931,20.4991,19.5485,19.3475,17.5602,16.0322,16.2221,14.7909,13.9145,12.9032,12.0809,11.583,10.5553,10.0959,8.9656,8.1227,7.9603,7.6586,7.3618,6.7111,7.4127,7.606,7.4277,7.4552,8.2891,8.3555,9.5335,10.1032,10.2499,11.459,12.77,13.0469,14.0186
5120000,-62,52,15.4733,15.8949,16.8671,18.0543,18.7932,19.9456,20.3124,20.3002,21.4504,22.259,22.8734,22.8247,22.956,22.8163,23.2301,22.7057,22.4258,22.0691,21.7923,21.3183,19.6938,19.0116,18.7743,17.6928,16.9219,16.2706,15.0206,14.4467,13.607,11.742,11.2778,10.479,9.5426,8.7298,8.7909,7.4685,7.3142,7.3048,7.2348,6.7482,6.8975,7.2914,7.9662,7.5382,8.4164,8.9472,9.7142,10.2531,11.1333,11.8784,13.2798,13.8417
5140000,-72,52,14.5851,15.9668,17.1302,17.4884,18.3913,19.8795,19.9306,20.7126,21.204,22.451,22.5495,23.0187,22.7539,23.1274,22.8867,22.9779,22.2073,21.8843,22.2777,21.0947,20.3223,20.0082,18.2035,17.9959,16.7031,16.1418,14.7444,14.2728,12.9793,11.5147,11.477,10.5781,9.7335,9.296,8.7584,7.9101,7.8079,7.7452,6.8097,6.6795,7.2724,6.6932,7.8031,7.8791,8.4249,8.8819,9.8091,10.3889,11.2498,12.0726,13.6966,14.368
5160000,-58,52,15.0983,16.0978,16.356,18.0748,18.8383,19.8279,20.3608,21.0847,21.8734,21.7823,22.0093,22.5365,23.3591,22.5656,22.9278,22.5205,22.1709,22.1421,21.6114,21.0367,20.7006,19.4465,19.1749,18.0772,16.8519,16.4851,14.4905,13.9253,12.8137,12.0683,11.4423,10.7897,9.899,9.4984,8.332,8.0802,7.443,7.7767,6.4216,6.9963,6.9159,7.3447,6.95,8.0285,8.437,9.4225,9.3427,10.8441,10.9609,12.2405,12.9681,13.5762
5180000,-67,52,14.6798,15.5766,17.181,17.9563,19.0512,19.5457,20.4413,20.5578,21.2878,22.3132,22.1788,22.9754,23.6401,22.8305,22.693,23.0925,22.3816,21.5944,21.5876,20.6228,20.0082,19.739,18.1755,17.8378,17.0232,16.3555,14.83,14.2225,12.8403,11.9745,11.0758,10.6594,9.6162,9.1954,8.7353,7.9486,7.4107,7.1031,7.4096,6.6025,7.0562,6.7983,7.4478,8.1291,8.6303,9.034,9.3736,10.585,10.954,12.2336,13.3329,13.8103
5200000,-59,52,15.2179,15.9078,17.1762,18.1766,18.9513,19.7171,19.9167,21.5186,22.0454,21.6872,22.7009,22.8855,23.1058,22.6573,23.761,22.9808,22.5446,21.9916,21.4572,21.2136,20.2603,19.5426,19.1162,18.1313,16.8169,15.9245,14.5773,14.0104,12.8596,12.3999,11.074,10.8125,9.5424,9.2307,8.052,8.3141,6.9856,6.9137,7.0754,6.6807,6.6156,7.1935,7.0436,7.7682,7.3266,8.9712,10.0145,10.9152,11.0531,12.5791,13.0359,13.6126
5220000,-68,52,15.4174,16.4834,17.1606,18.0,18.6486,19.5986,20.0624,21.6907,21.7169,22.4496,21.9927,23.0452,23.1604,23.3077,22.9201,23.435,22.5912,22.084,21.7328,20.8054,20.1947,19.5566,17.8888,18.0041,17.2261,15.8051,15.2917,14.196,13.4207,11.9177,11.8623,10.3802,9.9179,8.9482,7.829,7.69,7.6257,6.9854,6.8714,6.6842,6.7768,6.737,7.1358,7.6734,8.5962,8.5233,9.7113,11.0063,11.0634,12.2597,13.3213,13.9422
5240000,-60,52,15.3809,16.0915,16.9884,17.6174,18.8891,19.2034,20.423,20.8133,21.9065,21.9925,22.5582,22.8797,22.6667,22.9253,22.927,22.4551,22.4199,22.1913,21.7635,21.2811,20.4051,19.4962,18.4716,18.4161,16.4078,16.1812,15.1926,14.3155,13.7791,12.2982,11.4442,10.6043,9.9481,8.7715,8.8022,7.8127,7.0364,7.5596,6.9647,7.4012,7.1484,7.3845,7.3839,8.1745,8.5238,9.0737,9.7062,10.4179,10.9439,12.0755,13.7502,14.4712
5260000,-68,52,15.0194,15.9633,16.9851,17.9811,19.0031,19.5152,20.084,20.4716,21.34,22.3891,23.0939,22.9269,22.9009,23.0741,22.1663,22.3229,22.0609,21.7171,21.6489,21.1593,19.5683,20.1472,19.0318,18.0885,16.6402,15.7211,15.1207,13.822,13.4614,12.3257,11.2552,10.8855,9.6533,8.8837,8.0565,7.6319,8.0946,7.3497,6.823,6.6021,7.1629,6.9697,7.2701,7.9024,8.3326,8.7199,9.772,10.2497,11.5391,12.1382,12.9824,14.233
5280000,-68,52,14.9762,15.8857,17.4853,18.0576,19.3579,20.3991,20.6424,21.3302,21.5292,22.3479,22.3857,22.9683,22.6356,23.0355,23.3448,22.5775,22.2509,21.6562,21.431,21.4341,20.6524,19.2771,18.5214,18.0619,16.8611,16.0428,15.2932,13.5807,12.6635,12.5142,10.5206,10.6332,9.8207,8.4276,7.8917,8.0881,7.5059,6.7624,6.6471,6.3661,7.0641,6.6286,7.7638,8.4701,8.5331,9.2075,10.2054,10.794,11.2377,12.239,13.3142,14.3134
5300000,-57,52,15.6306,15.7899,16.8576,17.53,18.7732,19.1242,20.1756,20.4655,21.5684,22.0995,21.9239,22.8279,22.7351,22.9986,22.7237,23.1496,22.4501,21.7292,20.9659,20.8667,20.7177,19.528,18.4737,17.6291,17.4264,15.7973,14.5409,14.1692,12.7285,12.0543,11.2855,10.365,9.5428,9.2784,8.0452,7.5357,6.9121,7.3306,7.6581,6.7134,6.8897,7.0952,7.3602,8.2843,8.1754,9.0914,9.6464,10.3866,11.3658,12.8078,13.0793,14.2712
5320000,-56,52,15.0277,16.1749,17.0108,17.6371,18.8116,19.5458,20.7853,21.237,20.9565,21.9423,22.5308,22.7475,23.272,22.6417,22.9973,22.2421,22.5326,21.6441,21.1887,20.9964,19.9333,19.4637,18.8271,17.2573,17.1804,15.8301,14.9715,13.8505,13.0572,12.121,11.0402,10.5703,9.7045,9.3548,8.9789,8.3223,7.4981,7.0512,6.9976,7.2232,7.2247,7.5015,7.4828,7.6346,8.4396,8.7654,10.1551,10.4494,11.2055,12.0716,13.1708,14.1623
5340000,-72,52,15.1062,15.9324,16.979,17.3353,18.6941,19.7314,20.3304,20.717,21.0142,22.082,22.1298,22.6902,22.5304,23.0487,23.004,22.4929,22.6366,22.1858,21.715,20.635,20.3049,19.6021,19.1823,17.5577,16.9488,15.8414,15.1552,14.1011,13.3799,12.6293,10.9479,10.3812,10.0724,8.8188,8.9939,8.0258,7.6044,6.9246,7.241,6.5144,6.9097,7.337,7.2701,7.6786,8.0189,8.7724,10.1852,10.3814,11.6362,11.5603,13.1591,13.6598
5360000,-58,52,14.6732,16.2442,16.9421,17.9202,18.693,19.5521,19.758,21.6894,21.9809,21.9086,21.9869,23.057,23.5279,22.8866,23.4382,23.0621,22.1611,21.8679,21.7044,21.0964,19.3056,19.58,18.6765,17.5661,16.86,15.9098,15.1337,13.8104,12.8735,12.6788,11.1222,11.027,9.9336,9.0976,8.5748,7.8799,7.5046,7.5252,7.2148,7.2243,6.9579,7.2944,7.4036,7.8934,8.3253,9.2483,10.5325,10.5759,11.0601,12.581,13.5593,13.528
5380000,-69,52,14.9128,16.0663,16.8904,18.1061,18.8634,19.4216,20.4313,21.5116,21.6118,22.3234,22.6863,22.4492,22.3675,22.8475,23.0845,22.417,22.0739,21.869,21.4727,21.3518,20.1174,20.1537,18.719,17.7503,17.1879,15.8114,14.8701,13.8369,13.1927,12.1995,11.6615,10.3295,9.9625,9.2243,8.1374,7.9709,7.293,7.1712,6.7343,6.7919,7.0923,7.1131,7.7327,8.2944,7.8696,8.7589,9.6574,10.415,11.375,12.6248,13.451,14.6945
5400000,-56,52,15.022,16.2706,16.6589,17.2809,18.2877,19.3196,20.4956,20.6952,21.608,22.4007,22.2548,22.5732,23.0551,22.7776,23.4723,23.3787,22.1452,22.2917,21.5335,21.4003,20.6663,19.2439,18.7049,18.2457,17.0625,15.9656,14.5814,13.7673,12.9437,11.7963,11.4379,10.0922,9.9171,8.9654,8.3635,7.7055,7.5199,7.3251,7.3285,7.1317,7.294,7.1801,7.537,7.931,8.4521,9.1528,9.5923,10.1632,11.1049,12.4374,13.3469,14.3815
5420000,-69,52,15.1807,15.769,16.541,18.0702,18.5801,19.2504,20.4327,21.3945,21.659,22.3534,22.8858,22.3352,22.7594,22.7034,23.2472,22.6664,22.4759,22.4033,21.868,21.4273,20.5551,19.1135,18.5176,17.8061,17.1043,16.1221,14.9609,14.2189,13.126,11.8259,11.291,10.3456,9.4504,9.0839,8.4484,8.1147,7.8962,6.7993,7.2899,6.9459,6.7387,7.2721,7.8693,8.3052,8.2353,8.7781,10.0737,10.4233,11.1768,12.0327,13.0535,14.3227
5440000,-64,52,14.9119,15.7422,16.6215,17.3859,18.7164,19.4838,19.736,20.7327,21.5973,22.3279,22.6652,22.2975,22.7543,22.6668,22.5354,22.4157,22.2928,22.048,21.2162,20.9949,20.3403,19.5926,18.7774,17.3262,16.6745,16.0968,14.8081,14.0587,13.0332,11.6867,10.8699,10.6661,9.6675,9.2101,7.9458,8.2493,7.2094,7.0022,7.3374,7.1925,7.1328,7.4446,7.7803,7.9934,8.1968,9.0518,9.5871,10.6421,11.3349,12.1488,13.429,14.2142
5460000,-68,52,15.0706,16.5622,17.0009,18.1339,18.8342,19.5416,19.9607,20.2449,21.4327,22.1421,22.4643,22.5575,23.1312,23.132,23.2097,22.6162,22.9101,22.0602,22.0722,20.5831,20.8713,19.9215,18.6163,17.751,16.9137,16.3695,14.9841,13.3279,13.1043,12.5037,11.2515,10.6342,9.7173,8.5279,8.7273,7.7608,8.0539,7.2065,7.1631,6.9105,6.8418,7.2274,7.5162,7.9145,8.1845,8.3506,9.703,10.0731,11.5344,12.5852,13.4733,13.9885
5480000,-64,52,15.197,16.486,16.9236,17.9276,18.9591,20.0523,20.386,21.2255,21.8877,22.2067,22.4244,22.7161,22.8686,22.5242,22.6043,23.1424,22.5198,21.5158,21.1674,21.1783,20.3936,19.3917,18.5852,17.9644,17.0961,16.005,15.1727,13.7743,13.2368,12.2524,11.5606,10.5934,9.2684,9.1977,8.6546,8.3265,7.3792,6.6261,6.4253,6.8757,6.4152,6.8147,7.2893,7.7788,7.8769,9.1758,9.3292,10.2093,11.3525,12.4831,13.3539,14.5398
5500000,-58,52,14.9575,16.1933,17.0235,18.3123,18.726,19.4847,20.0634,21.1505,20.914,21.9319,22.585,22.6623,22.7214,22.3938,23.0008,23.2295,22.6198,22.0378,20.9321,21.0733,19.8759,19.3063,18.9571,18.109,16.7032,15.9114,15.4592,14.5032,12.6761,12.1415,11.449,10.3074,9.4366,8.9238,8.19,7.862,7.4398,7.3737,7.1963,7.2853,7.1781,7.0681,7.5889,7.7162,8.1786,8.7382,9.6133,10.3739,11.2136,11.792,13.0651,13.7721
5520000,-67,52,14.6062,15.1088,16.8738,17.9032,18.7882,19.5496,20.2711,20.9309,21.6111,22.0143,22.258,23.2211,23.0836,22.6278,23.111,22.8643,22.6107,22.044,21.6622,20.623,19.9399,19.9259,18.7139,17.428,16.7424,15.0853,14.8276,14.4493,13.1839,11.8218,11.2204,10.6971,9.8984,9.3292,8.6827,8.2734,7.2808,7.1711,6.5505,6.9286,7.3856,7.6863,7.4185,8.3221,8.6988,9.0892,10.0052,10.5359,11.6824,12.2298,13.3189,14.0398
5540000,-65,52,14.6927,16.2606,17.323,18.0914,18.6909,19.7134,20.1945,21.0949,21.1258,22.3625,21.5653,22.7003,22.8768,23.0695,22.8741,22.9379,22.0504,21.8584,21.5034,20.9605,20.0039,19.6024,18.7424,18.2434,16.6636,15.7453,14.3276,14.9017,13.1584,11.6473,11.8475,10.2839,9.5415,8.9868,8.9172,8.1173,8.0603,6.9704,7.0518,7.3679,7.5724,6.8083,7.503,7.6833,8.3357,8.2485,9.4612,10.1588,10.6723,12.2651,13.0867,14.2327
5560000,-66,52,14.8925,15.945,16.8951,18.0098,19.1424,19.73,20.1211,20.8174,21.7701,22.4269,22.2447,22.3425,22.7942,23.0967,22.956,23.0802,22.4209,21.8023,21.5269,20.6248,20.3631,19.7961,18.7398,17.7146,17.3048,15.5663,14.7798,14.8583,12.8693,12.3423,11.2831,9.9504,9.7539,8.9462,8.2385,8.0399,7.3969,6.9882,6.9563,6.7715,7.6973,7.0651,7.6447,7.9347,8.1947,9.2271,9.6488,10.6997,10.7925,11.9109,12.4148,14.0137
5580000,-65,52,14.9654,15.6788,16.5825,17.7147,19.0881,20.312,19.9107,21.689,21.0306,22.2048,22.9044,22.9402,23.3862,23.1068,23.4911,22.9753,22.5271,22.7505,21.7142,21.4818,19.9595,19.9895,18.7051,18.0975,16.8377,15.6737,15.0291,14.1988,13.1926,12.2432,10.9854,10.2402,9.6002,8.4926,8.0222,7.8036,7.6475,7.6141,6.9227,6.854,7.1217,7.5315,7.4248,8.1087,8.8518,8.6149,9.57,9.7156,11.6415,11.9601,12.5801,14.0202
5600000,-62,52,15.1341,15.9571,17.4897,17.692,18.8043,19.0735,20.2665,20.9821,21.7582,21.9753,23.0199,22.8585,22.7095,22.8606,22.6154,22.9604,22.6713,21.7721,22.0404,21.0258,20.0903,19.9136,18.2329,17.8449,17.0935,15.6021,15.635,13.8742,13.6229,11.8529,11.155,10.1847,9.4818,8.8361,8.5062,7.8378,7.0861,6.9017,7.3532,6.6893,6.93,7.1671,7.4628,8.1264,8.146,8.9606,9.8571,10.4826,11.4796,12.1594,13.1552,13.8744
5620000,-66,52,14.7207,15.7432,17.2088,17.9833,18.5585,19.8131,20.8899,21.3709,21.3848,21.5261,22.3811,23.1171,22.5263,23.2738,23.1446,22.396,22.5278,21.8156,21.2832,21.0025,19.8175,19.7541,19.1598,17.9694,17.0317,16.0696,15.0108,13.9796,13.2751,12.2146,11.6451,10.4332,9.7816,9.2977,8.5127,7.8307,7.5686,7.1814,7.246,7.2725,6.846,7.6808,7.6707,8.0259,8.5416,9.6398,9.3538,10.8909,11.0916,12.1523,12.7745,13.8845
5640000,-57,52,14.6574,16.1403,17.2564,17.5963,19.281,19.4874,20.1114,21.7341,21.7746,22.2535,21.978,22.5884,23.4616,22.9513,22.8203,22.9521,22.9115,21.5807,21.5531,20.6214,20.1319,19.6582,18.4642,17.5093,17.0137,16.0624,14.684,14.3698,13.6395,12.2263,10.3356,10.4114,9.599,8.9585,8.3202,8.2964,7.9559,7.0437,6.8379,7.0669,7.1657,6.9474,7.2003,7.6907,8.7095,8.9013,9.3083,10.0713,11.5817,11.8425,13.2932,13.6594
5660000,-58,52,15.3083,16.159,17.2357,18.2519,18.3427,19.3405,20.1514,20.9173,21.3542,21.9837,22.5677,22.1468,22.4597,22.7751,23.4036,22.186,22.5911,21.9924,21.8731,20.5271,20.3931,20.0595,18.77,17.5231,16.2122,15.666,15.394,14.1769,13.4648,12.2183,11.5233,10.8103,9.3942,9.0948,8.7502,7.6456,7.6161,7.4182,6.1592,6.6331,7.1145,7.6385,7.3172,8.3094,8.7801,8.774,9.9872,10.2391,11.0703,11.8417,13.6366,14.0965
5680000,-63,52,15.3013,15.3997,17.5217,17.681,18.8406,19.6567,20.1659,20.6006,21.3783,22.4017,22.5788,22.6299,22.7034,22.8477,22.7991,22.4809,22.4273,22.6059,21.3676,21.185,20.2077,19.6089,18.7426,17.7911,16.6005,16.0001,14.7852,13.633,13.2042,12.3177,10.8979,10.3859,10.1911,8.9507,8.4138,8.1123,7.4798,7.605,7.0899,7.5342,6.925,7.5646,7.4592,7.8549,9.1621,9.1516,9.4835,10.4843,11.8684,12.1872,12.812,14.1556
5700000,-60,52,15.0933,16.003,17.1702,17.3964,18.5993,19.5416,20.0347,20.5085,21.1811,22.7662,22.5375,22.6931,23.2778,23.1485,22.7566,22.6104,22.3707,22.4785,21.7495,20.7823,19.8101,19.6946,18.9551,17.5603,17.4224,15.4359,14.7357,13.7076,13.3588,12.2525,11.1276,10.2744,9.9514,8.8149,8.1732,7.7426,8.1904,7.4891,7.4213,6.6817,7.0835,6.9245,7.6314,8.0352,8.9492,9.0774,9.6859,10.1064,11.0423,11.9221,13.0153,14.098
5720000,-67,52,14.3615,15.686,17.3897,18.0488,19.4152,19.6448,20.1981,20.7796,21.7799,22.0466,22.3559,22.8046,23.4085,23.5141,22.5071,23.3073,22.6759,22.7217,21.3099,21.1837,20.6057,19.3964,18.9971,18.7965,17.2922,15.7167,15.1578,14.1206,12.9319,12.3077,10.7881,10.7195,9.9552,8.9783,8.0468,7.9923,7.808,7.1895,7.1779,7.3041,7.3506,6.995,7.3787,8.2928,8.3887,8.8316,9.6124,10.4109,11.4467,11.9745,13.6187,14.1834
5740000,-59,52,14.8451,16.9272,16.9317,18.0393,18.7177,19.6834,20.1638,21.0146,21.7943,22.3439,22.5933,22.3371,23.0342,23.1692,23.119,22.7832,22.7721,22.2748,21.7436,20.6522,20.4789,19.9291,18.6695,18.5281,16.5719,16.153,14.6971,14.5121,13.1835,11.7167,10.8149,10.6476,9.8407,8.85,8.5147,7.7153,7.7907,7.4712,6.1003,6.7313,6.8295,7.3809,7.2254,7.7723,8.3915,8.6632,9.5851,10.0956,11.0832,11.9326,13.2209,13.9689
5760000,-57,52,14.9061,15.6746,17.1182,17.7535,18.2859,19.8377,20.6269,21.4116,21.5705,22.0988,22.3583,22.7357,23.0438,22.8406,22.7576,22.5735,22.9845,22.8699,21.3932,20.5911,20.5748,19.5697,19.4216,17.7876,16.7962,15.6824,15.0684,14.1303,12.6754,11.589,11.6323,10.6277,9.5538,9.2791,8.028,8.0246,7.9086,7.3308,7.0919,6.7651,6.6864,7.4076,7.4288,8.2826,8.5914,9.0298,9.7599,10.4033,11.2439,12.232,12.7024,13.7379
5780000,-55,52,14.5634,16.1593,16.8672,17.6138,19.1434,19.4607,20.1831,21.3787,21.8176,21.7449,22.3755,22.7309,23.1808,23.1395,22.6909,22.5134,22.9666,21.9666,22.0104,21.0857,20.8757,19.9151,18.7525,18.2112,16.591,16.0749,14.2216,13.8397,13.3561,12.808,11.0019,10.5427,10.0603,9.2067,8.3315,7.4816,7.12,7.3314,6.6838,7.0177,7.3027,6.9256,7.1957,8.0531,8.7389,8.5403,9.9433,10.7182,11.6017,13.0713,13.5039,14.1381
5800000,-62,52,14.9955,15.9544,16.6328,17.4804,18.7935,19.2669,20.0963,20.4027,21.272,21.567,22.4906,22.4694,22.904,22.7332,22.8609,22.7901,22.3955,21.9226,21.7347,20.8782,20.292,18.9577,18.6959,18.0261,16.5848,15.9151,14.8702,14.1376,13.2761,11.7974,11.371,10.6631,10.1292,8.8758,8.3773,7.3366,7.6588,6.6848,7.1822,7.7021,6.4394,7.0477,7.3942,7.8547,8.2233,9.1431,9.4278,9.8436,11.4792,12.6313,12.9655,13.3502
5820000,-67,52,15.2359,15.8227,17.1087,18.1782,18.3888,19.7722,20.449,20.8315,21.0696,21.9864,22.334,22.9231,23.2967,22.9809,22.6637,22.6576,21.989,22.635,21.3501,21.0033,19.8635,19.9275,18.5323,18.2043,16.934,15.448,14.9457,14.263,13.3419,12.1754,10.8424,10.0256,10.1347,8.6659,8.9221,8.1722,7.8675,7.0236,7.1603,7.172,7.193,6.9981,7.5666,8.4471,8.661,9.1588,9.5934,10.5348,11.2435,12.3009,13.18,13.8575
5840000,-66,52,14.9622,15.6803,17.3321,17.4738,18.1443,19.6322,20.0863,20.9541,21.0597,22.3456,23.2095,22.9834,22.8843,23.5781,22.8012,22.3603,23.0493,22.5491,21.605,20.9106,20.1038,19.8078,18.1728,17.352,17.2037,16.2429,14.8959,14.0536,13.068,12.0047,11.0456,10.4884,10.092,9.4334,7.8334,7.8173,7.4163,7.3783,7.2338,7.2038,7.2565,6.7235,7.4262,7.9617,8.1832,9.473,9.1636,10.434,10.9741,12.2638,13.0308,14.209
5860000,-57,52,14.9024,15.6194,17.5455,17.7698,18.6393,19.9615,20.2713,20.6758,21.1892,22.5387,22.6149,22.2076,22.8578,23.3442,22.8025,23.1576,22.5719,22.1684,21.2791,20.1709,20.9928,19.6552,18.8028,17.8402,17.0576,16.1776,14.7443,13.7299,13.1697,12.0825,11.3189,10.8843,10.1183,8.1917,8.6152,8.0935,7.4356,7.4194,6.9044,7.3069,6.6373,7.1745,7.0813,8.1374,8.3145,8.7888,9.6172,10.8104,11.0624,11.9646,12.738,13.7096
5880000,-68,52,14.4153,15.9658,17.1268,17.8241,18.3123,19.6791,19.6217,21.2534,21.4776,21.9499,22.7665,22.779,22.4524,22.9528,23.0839,23.0177,22.6724,22.8162,21.0482,20.9004,20.48,19.8769,18.9164,17.3885,16.9541,16.065,15.0514,14.1944,13.1049,12.1331,11.2375,10.58,9.6676,9.0386,8.606,8.0366,7.5061,7.4092,6.9906,6.6723,7.2364,7.2598,7.1628,7.9806,8.6988,9.1842,9.843,9.8291,11.0204,12.1961,13.0798,13.7508
5900000,-64,52,14.7087,15.994,17.3805,17.2929,18.5277,19.9151,19.7876,20.9525,21.4246,21.7948,22.788,22.5428,22.9033,22.7029,22.7608,22.7095,22.3387,22.1401,21.4774,21.0092,20.2286,19.3602,18.83,17.3657,17.3057,15.7674,15.7353,13.8792,13.3237,12.0438,11.4662,10.8032,9.3167,8.8429,8.3811,7.2977,7.9882,7.0975,7.1924,6.582,6.6893,7.0137,7.5526,8.2944,8.4315,9.1924,9.4284,10.0719,11.2958,12.5568,13.2449,13.9113
5920000,-55,52,15.2196,15.8769,17.2613,18.1715,18.2361,19.6585,20.1271,20.9958,21.4069,22.2243,22.7479,22.8006,23.2029,22.7053,23.2787,22.6652,22.448,21.9378,21.9036,20.7345,20.5338,19.2208,19.1081,17.8434,16.7486,16.0298,14.783,14.4239,12.668,11.876,11.6867,10.2011,9.7999,9.4708,8.4835,7.7672,8.2105,7.014,6.9007,6.9811,7.5013,7.3114,7.6788,7.8882,8.097,9.3771,9.68,10.3564,11.3136,12.2401,13.5734,14.1757
5940000,-57,52,14.4425,15.5229,17.1864,17.5966,18.3289,19.5301,20.1844,21.1555,21.5544,21.6158,22.2297,23.0269,23.1122,23.3918,22.8579,22.8331,22.7423,21.6579,22.0971,20.9802,20.3769,19.7758,18.4996,18.4794,16.578,15.5282,15.2405,13.7264,13.1714,12.2338,11.3735,10.3015,9.8153,9.4808,8.9009,7.5573,7.6887,7.2569,6.597,6.7569,7.0078,6.8368,7.4816,7.9703,8.3047,9.3353,9.4171,10.0533,11.4273,12.5497,13.0953,14.0638
5960000,-59,52,15.1245,15.9582,16.7779,17.5112,18.6027,19.4509,19.9647,21.2425,21.5669,21.9359,22.8111,23.2707,23.618,22.65,22.5181,23.0359,22.575,22.1978,21.644,20.5433,20.5248,19.7406,19.2432,18.2418,17.3161,16.0724,15.159,14.068,12.813,12.5755,10.9657,10.3968,9.7007,9.6956,8.4119,7.7082,7.4668,7.4213,6.9086,7.1401,7.246,7.2483,7.2604,7.5563,8.3005,9.357,10.0052,10.8803,11.3406,12.2797,13.4651,14.0903
5980000,-60,52,14.8835,15.8473,16.8938,17.8708,18.2846,18.8129,20.4498,21.1877,21.9802,22.4994,22.0889,22.5144,22.4155,23.5839,22.8397,22.2027,22.9321,22.2827,21.2792,20.5389,20.4031,19.9784,18.5885,17.7475,16.7946,15.6339,15.1349,14.0502,13.2334,12.1339,11.232,10.7665,9.5262,9.2185,8.2442,8.1072,7.7038,7.1373,7.7629,7.1209,7.4557,6.8957,8.4195,8.0626,8.7007,8.8784,9.5798,10.5916,11.3244,12.5112,13.4623,14.1858
6000000,-71,52,14.5506,16.1321,17.1863,17.9984,18.4575,19.3774,20.7123,21.4217,20.8747,21.9435,22.686,22.9315,23.1103,22.9486,23.2482,22.4745,22.9459,22.1058,21.6353,20.9308,20.3566,19.5644,18.2928,18.3301,17.287,15.8601,15.038,13.7091,12.6182,12.408,11.0753,10.254,9.2555,8.7325,8.2741,8.1169,7.9213,6.6296,7.0537,7.5759,7.4151,7.6468,7.4983,7.9216,8.5171,9.0406,10.081,10.8112,11.4289,12.3056,13.2547,13.5757
6020000,-59,52,14.8698,15.9185,16.505,18.1398,18.8683,19.64,19.9308,20.9497,21.0382,22.0256,22.323,22.4809,22.9863,23.0599,22.7886,21.9707,22.3853,21.7626,21.6135,21.0713,20.0891,19.6103,18.5075,17.8881,16.9969,16.0094,15.1947,13.829,12.8491,12.117,11.1149,10.9679,9.9076,9.429,8.7986,7.9764,7.6736,7.5685,6.7816,6.9506,6.7743,7.3751,7.5181,7.99,8.439,9.0335,9.836,10.88,11.4215,12.0188,12.6289,14.3563
6040000,-58,52,15.5052,15.6946,17.1618,17.6314,18.8839,19.77,20.5097,21.0753,21.9639,22.5327,22.5827,22.7798,22.9105,23.309,23.5699,23.2249,22.433,22.0354,21.7198,21.0498,19.9781,19.6577,18.0673,17.9722,17.3997,16.0803,14.9825,14.2551,13.129,11.7855,11.4478,10.1068,9.5495,8.5646,8.2867,7.5463,7.3429,7.6411,6.9896,6.7474,7.1667,7.4359,7.4552,7.8637,8.0503,8.7809,9.4079,10.2525,11.7297,11.8892,12.7418,13.972
6060000,-65,52,14.8806,15.8042,16.5299,17.5917,18.8324,19.2733,20.0709,20.9013,21.3345,22.24,22.6499,22.8902,22.9199,23.0927,22.7075,22.7973,22.4996,22.2682,21.5001,21.1595,20.2409,18.7634,18.5228,17.4836,16.3408,15.6353,15.326,14.0268,13.5565,12.2067,11.435,10.3599,8.8855,9.388,8.3791,7.8578,7.1663,7.3062,7.2172,6.6613,7.1196,7.3466,7.6856,7.9759,8.3802,8.9509,9.8335,10.0571,11.8556,12.5533,13.7486,13.7562
6080000,-70,52,15.0423,16.4179,16.9168,17.4462,18.2028,19.1923,20.3664,20.6666,21.6723,22.2001,23.2402,22.6521,22.8972,22.6301,22.3967,22.2159,22.8014,21.927,21.8176,20.4509,20.9815,19.4177,18.9188,17.6792,17.2409,16.35,14.4107,14.2219,12.863,12.4461,11.6323,10.2829,9.3631,9.1425,8.3739,7.9338,7.7762,7.7172,7.0528,7.0927,6.723,7.2871,7.9996,8.2367,8.5767,8.7663,10.0424,10.6613,11.646,12.3989,13.2374,14.1243
6100000,-57,52,14.8165,15.6079,17.0191,17.4445,18.1422,19.8448,20.5877,21.3795,21.0241,22.5344,22.2005,22.2568,22.8925,22.9174,23.2122,22.8427,22.4272,21.8577,21.7172,20.475,20.056,19.6743,19.3366,18.0125,16.7973,15.8183,14.8649,14.6564,12.9464,11.8058,11.1362,10.7084,10.2378,9.444,7.8976,7.6269,7.2866,6.8718,7.2367,7.39,7.5715,6.7787,7.4472,7.6827,8.1885,8.824,9.697,10.6908,11.23,12.119,12.837,14.1112
6120000,-70,52,14.8378,16.0239,16.7589,18.0889,19.0927,20.1337,20.1087,20.8802,21.4194,21.9079,22.4726,22.7653,23.6876,22.8463,22.9839,22.5355,22.105,22.3557,21.5959,21.0742,19.505,19.8853,18.5819,17.942,17.2806,15.9355,14.9096,13.9683,13.6476,12.2416,11.3818,10.5179,9.8419,9.0107,9.1811,7.3311,7.5246,7.6738,7.4858,6.9654,7.3467,7.7081,7.6063,8.2108,8.4532,9.3505,9.6877,10.4603,11.3702,12.3722,13.3156,13.9061
6140000,-56,52,15.2236,16.115,16.945,17.7815,19.0482,20.1078,20.2598,21.2385,21.679,22.2057,22.695,22.9182,23.1344,23.0387,22.9242,22.8372,22.2026,21.9589,22.0483,21.1828,19.6475,19.6098,18.7097,17.3207,17.0768,16.1303,14.5127,13.9163,12.828,11.8873,11.7493,10.3243,9.9179,8.7633,8.2876,7.8736,7.7291,7.3468,6.0821,6.8955,7.1916,6.6741,7.0369,7.448,7.9068,8.4923,9.2969,10.3373,10.7557,12.0336,13.0907,14.8517
6160000,-60,52,14.875,15.6066,16.7799,18.1671,18.2997,19.3566,20.4838,20.7896,20.8757,21.6444,22.5116,22.6775,23.0564,23.1135,22.7879,22.6571,22.7735,21.6509,21.8094,20.9806,20.8722,19.2721,18.8593,17.8774,16.6042,16.0145,14.9706,13.8224,12.6725,11.8787,10.9994,10.3532,9.4954,9.1196,8.8445,7.8509,7.8392,7.4645,6.8681,7.3585,7.0313,7.2581,7.9529,7.9843,7.9273,8.7728,9.4542,11.2177,11.2821,12.2562,14.0423,13.5137
6180000,-64,52,15.1091,15.4837,16.6142,17.725,18.6217,19.546,20.362,20.7612,22.1121,22.1314,22.3628,23.0598,22.6102,23.3798,22.6025,23.3026,22.0077,21.8569,21.4894,21.2334,20.4006,20.0587,18.7425,17.7685,17.3173,16.3978,14.6333,14.4285,13.4585,11.7943,11.3989,10.3036,9.2885,9.2396,8.7003,8.017,7.313,7.5873,7.0715,7.0988,6.9054,6.8093,7.623,8.0794,8.5299,9.2349,10.2175,10.3327,10.7248,12.4333,12.9682,13.7165
6200000,-60,52,15.1737,16.1597,16.9794,17.8661,18.932,19.6606,20.4363,20.9744,22.0802,21.7718,22.5711,22.5583,23.0661,22.59,22.9749,22.7662,22.7872,21.8733,21.8947,21.2398,20.6465,19.5057,18.3342,17.85,16.9552,16.0791,14.452,13.744,12.6491,12.7018,11.8363,10.0382,9.6716,9.1717,8.3108,7.3948,7.7774,6.8906,6.9074,7.0769,7.1963,7.348,7.5851,8.135,8.3591,8.3912,9.5209,10.7218,11.122,11.7053,13.3325,13.7604
6220000,-58,52,14.2371,15.6944,16.7251,17.6204,18.6845,19.9034,20.2485,21.1313,21.1158,21.9068,21.8641,22.7541,22.6172,23.3821,23.0304,22.7387,22.3374,21.7998,21.4858,21.2579,20.1477,19.3217,18.8389,17.9943,17.0208,15.8645,15.1631,13.9764,13.01,11.8452,11.3335,10.0443,9.625,8.1902,8.2434,7.5359,7.5705,7.1167,6.5795,7.1952,7.0782,7.0096,7.404,8.3301,8.3992,8.6645,10.2871,10.5712,11.0065,12.0637,13.1418,14.1378
6240000,-57,52,14.971,16.0023,16.3948,17.6932,19.1968,19.76,20.851,20.8563,21.5692,22.5586,22.5817,23.0462,23.7743,22.9703,22.7707,23.1031,22.5936,21.8764,21.7952,20.8216,20.3379,19.7986,19.3765,17.9874,16.783,15.5596,15.0902,14.1046,13.3106,11.9311,10.9219,10.4438,9.9831,9.1408,8.6581,7.8994,7.5075,7.679,6.9099,7.1806,7.4072,7.3543,7.7805,7.3576,8.2876,8.6965,9.4551,10.2315,11.3127,12.0236,12.8118,13.6973
6260000,-62,52,15.023,16.3674,17.1141,18.1012,18.2765,19.538,20.649,20.6403,21.713,21.7171,22.1243,22.9472,22.7683,22.9842,23.2896,22.4674,23.3595,22.4377,21.4283,21.3506,20.5351,19.7985,18.6681,18.1608,17.104,16.1862,15.1266,14.0652,13.0319,11.7616,11.278,10.1615,9.6911,9.2487,8.8836,7.5967,7.281,6.9092,7.1729,7.1876,6.9309,7.1744,8.3816,7.7842,8.226,8.7143,9.2649,10.8028,11.6461,12.0288,13.4455,13.998
6280000,-56,52,15.4204,15.7472,16.7205,17.7642,18.7731,19.6165,20.4474,21.1168,21.5926,22.1011,22.8164,22.9082,22.6572,23.0705,23.0125,22.7883,22.6995,21.744,22.0382,20.4909,20.0939,19.1187,18.9905,18.0985,16.9949,15.7873,14.9013,14.1241,13.5314,12.3453,11.4807,10.3069,9.6003,9.2153,8.7915,7.777,7.5368,6.7058,6.9719,7.5173,7.0974,6.8552,7.6884,8.1155,7.6998,9.475,9.5125,10.8674,11.3032,12.1779,12.9842,13.0718
6300000,-58,52,15.1559,15.7018,17.0334,18.0996,19.0058,18.8856,20.687,20.8706,21.4748,22.1288,22.9352,22.8237,22.2019,23.3151,22.7876,22.4937,22.5208,22.1102,21.1822,20.4544,20.2662,19.6661,19.2027,18.1459,17.1284,15.955,14.8905,14.5694,12.9521,12.1274,10.7709,10.0097,9.2618,8.7313,8.0579,7.986,8.0342,7.2812,7.0787,6.6826,6.8193,7.1577,7.7548,8.2033,8.0348,8.8398,9.9162,10.8007,11.3622,11.8044,12.7141,13.9405
6320000,-56,52,15.3102,15.732,15.9524,18.0049,18.5333,19.2521,20.0901,20.8002,21.3073,22.3745,22.6194,23.0665,23.2335,23.1546,22.6114,23.0894,22.4854,22.1471,21.8563,21.1538,20.0369,18.6913,17.9774,18.0542,16.5343,15.9114,15.2044,13.8252,13.046,12.278,11.5928,10.054,10.0827,8.9639,9.0698,7.6311,7.58,6.9549,6.2597,6.9473,7.3142,7.4661,7.4868,8.0425,8.4117,8.6647,9.5511,10.5822,11.6166,12.3325,13.2117,13.6228
6340000,-68,52,14.9222,16.3677,16.3191,17.4472,18.5456,19.6181,20.7596,21.544,21.3822,22.4283,21.96,22.9392,23.4301,22.5507,22.8979,23.252,22.4637,22.2424,21.7069,20.7402,20.2112,19.8778,18.8517,17.6105,16.9433,15.811,15.0931,13.8986,13.2461,11.9254,11.511,10.0424,10.1803,9.0672,8.6953,8.0338,8.0922,6.9424,6.437,7.3943,6.8583,7.2847,7.9019,8.3553,8.2318,9.0471,9.8949,10.7838,11.0563,12.586,13.0925,14.0063
6360000,-70,52,14.566,16.004,17.2229,17.6476,18.8419,19.7426,20.1804,21.0263,21.7002,22.079,22.8302,22.633,23.4104,22.7838,23.0524,22.7719,22.6425,21.3842,21.2677,20.5985,20.4439,19.5985,18.7084,17.8466,17.0609,16.2656,15.2975,13.2449,12.9414,11.9456,10.8353,10.6747,9.9692,9.089,8.9806,7.7211,7.0019,7.4353,7.1172,7.0678,6.5271,7.3604,7.1429,7.6648,8.761,9.0219,10.1642,10.1411,10.9325,11.6579,12.8535,13.9193
6380000,-62,52,14.9324,15.7599,16.5882,17.4115,18.4109,19.502,20.1096,20.9173,21.7563,21.8684,22.2796,22.6309,22.7953,23.0258,23.0082,22.6572,22.1399,21.746,22.3214,20.6163,20.3816,19.7918,18.516,17.7872,16.981,15.4516,15.2629,14.0954,13.38,12.5892,11.1254,10.1941,9.6498,8.9081,8.5782,7.7863,7.9104,6.8733,6.9113,7.1778,7.1072,6.6755,7.1693,8.4892,8.3231,9.0626,10.2348,9.8198,10.8263,12.359,12.7071,14.1644
6400000,-65,52,16.0057,15.8993,17.4517,17.3981,18.3402,19.5365,20.562,20.9351,21.6777,22.7533,22.6054,22.3631,23.1213,22.7521,23.0022,22.8388,22.3161,22.3651,21.357,21.0708,20.5745,19.6323,18.5138,17.6455,16.7161,16.1916,15.052,14.2191,13.2676,11.8038,11.0209,10.3869,9.709,8.8698,7.9511,7.9357,7.4659,6.7914,6.5491,6.6296,7.1597,7.3059,7.9413,8.223,8.541,8.9637,9.7537,10.4504,11.1634,12.384,13.5102,13.875
6420000,-71,52,14.9275,15.7916,16.7103,17.6086,18.2299,19.0806,20.0368,21.6066,21.5032,22.7917,22.0415,21.7947,23.2896,22.7229,23.2082,23.3553,22.6203,21.4552,21.1048,21.5873,20.8985,19.584,18.7457,17.3724,17.1645,16.0469,14.6883,14.546,13.6773,11.8869,10.975,10.8954,9.5395,8.6438,7.8291,8.1481,7.3477,7.5047,7.6061,7.1548,7.321,7.423,7.5768,8.0635,8.337,8.9582,9.3946,10.8485,11.0843,11.7802,13.4659,13.8057
6440000,-70,52,15.815,16.2186,16.8082,18.2755,18.7716,19.7942,20.2688,20.7891,21.7042,21.993,22.4534,22.921,23.1461,23.0409,23.3374,22.8841,22.7218,22.0412,21.8117,21.0988,20.2042,19.4575,18.7959,18.2668,17.2182,15.6809,15.1726,14.3706,12.8018,12.5744,11.6667,10.2091,9.6456,9.0892,8.3567,7.9669,7.2301,7.4226,7.1036,6.9823,7.4459,7.2795,8.1347,7.6858,8.3039,8.9774,9.4505,10.666,11.2405,12.6822,13.877,13.4252
6460000,-56,52,14.9515,16.4147,16.7583,17.1023,18.5135,19.2124,20.209,21.372,21.867,22.017,22.4836,22.7896,22.6503,23.0169,23.0431,22.6244,22.381,22.2692,21.2058,20.5705,20.491,19.6362,18.5505,17.995,17.0683,15.8508,15.2932,14.2654,13.1286,12.2606,11.5636,11.126,9.6448,8.8488,8.479,7.6669,7.5904,7.1428,7.0522,6.9238,7.6755,7.3902,7.1224,8.1292,8.3964,9.0369,9.7286,10.0826,11.5891,11.9778,13.0931,14.2075
6480000,-69,52,15.2545,16.1222,16.945,17.9962,18.9369,19.4372,19.9766,20.3088,21.8777,21.9305,22.5067,21.7705,22.1442,22.7045,22.3774,22.9464,22.5625,21.985,21.2487,20.7651,20.1439,19.6285,19.4289,18.0504,16.9419,16.4108,15.396,13.6745,13.2096,12.0534,11.0331,10.7206,9.99,9.1686,8.3509,7.9316,7.5083,7.2245,6.9352,7.0444,6.9587,7.3805,7.434,7.5467,8.5502,9.3012,9.8271,10.4193,11.4176,11.7001,13.2188,14.2816
6500000,-56,52,15.0811,15.6088,17.32,17.579,18.5671,19.1877,19.8326,21.197,21.3771,22.0796,22.218,23.0417,23.2901,23.196,22.7493,23.2283,22.3561,21.7689,21.5458,20.8602,20.2201,19.5133,19.6087,18.1284,16.7969,16.1505,14.4678,13.9168,12.9192,12.0361,11.004,10.3699,10.0296,8.8857,7.8566,7.6001,7.5997,7.0049,7.3097,6.9379,7.1856,7.2769,7.3385,7.9005,8.4206,8.8333,10.0531,10.5818,11.0032,11.917,12.681,13.6298
6520000,-65,52,15.4777,16.508,17.035,17.8838,18.5584,20.4174,20.0312,20.5862,22.1134,21.812,22.4786,22.6567,23.683,22.8775,22.5239,22.5471,22.3444,21.656,21.5401,20.5013,20.6008,19.8501,18.9572,17.8046,16.8767,15.798,15.0952,13.9087,12.8231,12.2692,11.7012,10.2595,9.926,9.187,8.6374,8.5187,7.5406,6.8781,6.5141,7.3085,6.8069,7.3984,8.3849,7.932,8.861,9.1798,9.1147,10.0618,10.9728,12.2857,12.7669,14.2737
6540000,-55,52,15.0826,16.4703,16.7384,17.4383,18.8476,19.5369,20.0794,20.4872,21.7004,22.0676,22.2998,23.3404,23.6403,23.1835,22.2898,22.3982,22.6233,22.7898,21.8065,21.0294,20.6706,19.4637,18.6501,18.2487,16.7811,16.0721,15.5275,14.3308,13.3757,12.0459,11.3836,10.4644,9.1773,9.3597,8.7222,7.8557,7.8144,7.1757,7.6471,6.8251,7.2702,7.2877,7.3839,8.0232,7.9264,8.7802,9.6264,10.5362,10.8275,11.9086,13.138,13.7876
6560000,-71,52,14.7028,16.0798,17.3667,17.7788,18.5643,19.426,20.3543,21.2957,22.0163,22.1069,22.2441,22.9979,23.067,23.1326,23.3528,23.232,22.6659,22.2526,21.7104,21.1551,20.1667,19.6311,18.8485,17.5946,16.6534,15.5824,14.9822,14.2066,12.8339,11.6356,10.7926,9.8913,9.3532,8.9382,9.1487,7.8533,7.1561,6.9007,7.2118,6.9281,7.0744,7.491,7.5741,7.8024,8.0497,8.7429,9.6778,10.6557,11.1647,12.3514,13.6045,14.6168
6580000,-63,52,15.7668,15.7003,17.0255,18.1007,19.0633,19.6754,20.3416,21.2184,21.7466,22.6104,22.5607,22.5599,23.4425,23.27,23.1549,22.4675,22.2393,22.2458,21.5277,20.7053,19.8315,19.6444,19.0518,17.6425,16.8832,16.2314,14.618,14.1505,13.5089,11.8343,11.2232,10.968,10.0423,8.7645,8.6842,7.8236,7.5381,7.5206,6.4754,7.1029,6.5152,7.6646,7.2261,7.7177,8.5218,8.9864,9.7576,10.6907,11.5241,12.2943,12.8313,14.3066
6600000,-72,52,14.3867,15.6629,17.5319,17.5781,18.6733,19.665,20.0287,21.4134,21.3656,21.9334,22.8453,22.6228,22.48,23.3486,23.1862,23.3022,22.5018,22.4126,21.7454,20.9685,19.983,19.8964,18.9528,17.818,16.3917,16.4264,14.7661,15.0547,13.5023,12.0383,11.0863,10.342,10.2651,8.5826,8.5193,7.6844,7.4149,7.468,7.0383,6.9003,6.8651,7.1466,7.5472,7.7034,8.8559,8.9021,10.0634,10.4975,11.2226,12.0222,13.6039,13.831
6620000,-67,52,15.0953,16.0826,16.6582,18.1155,19.3003,19.9265,20.2713,21.1598,21.0683,22.6854,22.363,23.3953,22.3465,23.2667,23.0101,22.5451,22.7227,21.7226,21.5429,20.9027,19.8746,19.552,18.9418,18.2081,16.9418,15.9021,14.4734,13.9386,13.4793,11.7709,11.338,10.7761,9.3184,9.1266,8.2011,8.072,7.6473,7.5445,7.5629,7.4253,7.0018,7.1589,7.5584,7.4523,8.6355,8.5076,9.7935,10.4109,11.5401,12.037,12.825,13.6815
6640000,-71,52,15.658,16.1173,16.4625,17.8829,18.7036,19.4348,20.4353,21.2962,21.6966,21.9215,22.1157,22.952,22.9988,23.3875,23.0749,22.2714,22.5412,22.3797,21.7433,20.5547,20.1252,19.5509,18.8669,17.8702,16.7153,16.1559,14.9081,13.6851,12.5803,12.577,11.7078,10.5278,9.3182,8.8181,8.1917,7.9381,7.7214,7.4412,6.6375,6.6272,7.3477,6.8818,7.6632,7.8248,8.6854,9.3863,9.7801,10.2578,10.8083,11.7403,12.9376,13.9234
6660000,-63,52,14.7775,16.2212,16.6934,17.2404,18.9746,19.0883,20.338,21.2006,21.264,22.242,22.8127,22.7084,23.0214,23.0518,23.0323,22.7538,22.6372,22.4625,21.6198,20.8402,20.1289,19.5382,18.8958,17.603,17.1985,16.167,15.0766,14.1499,12.6314,11.5792,11.4933,10.4295,10.1342,8.9072,8.2875,7.7756,8.022,7.5495,6.7689,6.5019,6.627,7.42,7.4746,8.509,8.4789,8.6754,9.4689,10.904,11.4222,12.3141,13.2914,13.9962
6680000,-68,52,15.112,16.1026,16.9015,17.783,19.0402,19.7983,20.3009,21.1615,21.1685,21.9186,22.4698,22.5942,23.3102,22.1584,22.8118,22.6269,22.4524,21.8047,21.7625,21.0551,21.0262,18.9358,18.5666,18.0834,17.1984,16.0552,15.2126,13.6663,12.9807,11.5726,11.3021,11.0448,9.7711,9.0788,7.9917,8.2379,7.4291,7.7877,7.5041,7.0177,7.1086,7.613,7.4681,8.0604,8.2586,8.9476,9.7835,10.3808,11.311,11.9796,12.8959,13.7324
6700000,-63,52,14.8886,15.7787,17.0748,17.5372,18.6459,19.6257,20.2401,20.4614,21.8361,22.157,21.9918,22.5427,23.3479,22.8296,22.7271,23.0011,22.4587,21.9697,20.9697,20.7167,20.1313,19.81,19.412,17.9109,17.317,16.2245,14.8271,13.9222,12.9225,12.5038,11.162,10.605,9.6854,9.0133,8.5656,8.0905,7.3584,7.3028,7.4754,7.0392,6.9805,7.1224,7.5027,7.7873,8.1641,9.6792,9.2439,10.2377,10.625,12.4724,12.7816,14.2463
6720000,-58,52,14.6779,16.1803,16.7077,17.8064,18.8952,19.8444,20.1832,21.0005,21.1712,21.7761,22.7748,23.0887,22.909,22.9359,23.3891,22.6501,22.8417,22.0,21.2121,21.0466,19.96,20.0045,19.374,17.5576,16.6586,15.3734,14.9177,13.7914,13.184,12.2504,11.3157,10.1897,9.9759,9.7008,8.1686,7.4516,7.396,7.0884,7.1233,7.0647,7.1407,7.3108,7.8033,7.4829,8.1248,9.0371,10.0807,10.439,10.6308,12.3476,12.6166,14.0951
6740000,-72,52,15.501,16.5721,16.6645,17.8939,18.2291,19.4033,20.0528,20.9938,21.2732,22.1893,22.2194,23.432,22.7655,23.0971,23.1861,22.5666,22.7109,22.07,21.5524,21.0447,20.3144,19.8052,18.7545,18.0334,16.6632,15.8073,14.9556,14.349,13.2158,12.472,11.8282,10.7516,9.4361,8.899,8.1501,7.7926,7.4786,7.3187,6.8268,7.2436,7.3454,7.2468,7.8033,8.1512,7.979,9.1164,9.4985,10.5532,11.5117,12.2863,12.9945,14.39
6760000,-55,52,15.2743,15.535,16.7024,17.6575,18.6309,19.975,20.315,21.7918,21.5982,21.4724,22.7132,22.6788,23.0259,23.4638,23.0594,22.2493,22.4281,22.2271,21.214,20.8158,20.3189,19.9546,19.0805,17.2126,16.8935,16.358,14.9142,14.4186,13.0475,12.469,11.7854,10.51,9.9363,8.6141,8.5176,8.1047,7.2254,7.0369,7.3911,7.3469,7.0235,7.0247,7.0278,7.6632,8.0282,8.5274,9.0881,10.1086,11.4246,12.2663,14.1095,13.8226
6780000,-58,52,15.3168,16.2978,17.1712,18.0635,18.9748,19.6163,20.5974,20.7735,21.7329,22.4797,22.542,22.4856,22.5493,23.0682,23.0401,22.6472,22.4832,22.1724,21.5277,21.3026,20.0738,20.1945,18.9635,18.1678,16.4044,15.7375,15.3092,14.4165,12.9853,12.291,11.6488,10.7778,9.1191,9.1541,8.6583,7.6393,7.3586,7.123,6.6917,6.7913,7.4708,6.5787,7.2207,7.8079,8.6507,8.3749,9.1379,9.9976,11.2625,12.4461,13.0159,14.2575
6800000,-62,52,14.8311,16.0927,17.5437,18.145,18.6284,19.515,20.4821,21.5934,21.696,22.3693,22.9298,22.5655,23.1635,23.0474,22.8497,22.9997,22.4607,22.2876,21.7818,21.1473,20.0589,19.1385,18.292,18.0862,16.7145,15.573,15.0734,13.669,13.4599,12.2298,11.8797,10.0305,9.5114,9.4452,8.7931,8.3771,7.2284,7.5013,7.6529,7.1937,6.8125,6.8764,7.8371,7.8605,8.3407,9.3393,9.7264,10.5323,11.351,12.4167,13.2943,14.3437
6820000,-61,52,15.1694,15.906,17.0781,17.4593,18.6612,19.8378,20.5148,21.4427,21.5204,21.5853,22.4911,22.568,23.5833,23.7139,22.7855,22.6141,22.5858,22.2054,20.83,21.5266,20.4372,20.1453,18.7446,18.0463,16.9068,16.3015,15.4195,14.2258,12.9333,11.8851,10.6112,10.6445,10.2842,9.0516,8.631,8.1828,7.1344,6.9137,6.8027,7.5888,7.2853,7.3169,7.45,7.9905,8.5887,8.9455,9.7426,10.8487,11.35,11.6153,13.1203,14.0997
6840000,-64,52,14.8473,15.2441,17.0203,17.9521,18.6857,19.6525,20.6949,20.9193,21.5214,20.9295,22.497,22.6377,22.7896,22.2612,22.8576,22.6315,22.7547,22.1769,21.0119,21.2173,19.8204,19.837,18.5168,17.5176,16.818,15.2138,15.1676,13.7385,12.8553,11.8985,11.4227,10.179,9.2873,8.6178,8.5915,7.8414,7.4944,7.5278,6.9208,6.8341,7.2832,7.0001,7.601,7.5886,8.6285,9.2979,9.8665,10.3763,11.2473,12.2416,13.589,13.8921
6860000,-62,52,14.6202,16.298,16.8689,18.0623,18.2262,19.5225,20.6319,20.8754,21.3547,21.848,22.4947,22.6489,23.0034,23.1458,23.0216,22.8155,21.7146,21.933,22.0314,21.1089,20.6833,19.5028,18.8921,17.3742,17.5501,16.1708,15.1162,14.018,13.4522,11.6907,10.8229,10.4997,9.9017,8.3466,8.1881,7.7544,7.1647,7.014,7.0551,7.2809,6.6594,6.9495,7.6353,7.8296,8.5655,9.1234,10.2941,10.0501,11.28,11.9357,12.9077,13.9685
6880000,-72,52,14.8411,16.1546,17.094,18.0662,18.5291,19.7288,20.4548,20.6159,21.2288,21.6196,22.5502,22.9525,22.901,22.5412,23.0235,22.5831,22.417,22.3301,21.9911,20.592,20.1111,20.0858,18.3121,17.8391,16.9553,15.9427,14.4714,14.1552,13.3753,12.182,11.0736,9.9887,9.6487,8.9061,8.4424,7.6576,7.5973,6.9146,7.0367,7.4663,7.1902,7.5204,7.423,7.768,8.7706,8.669,9.4917,10.5772,10.9457,12.267,13.0085,14.2022
6900000,-61,52,14.9485,15.9412,17.1795,17.9837,18.5578,19.5005,20.2486,20.9446,21.2563,22.4374,22.7005,23.1038,23.138,23.1776,23.3969,22.2491,22.4057,22.1305,21.3644,20.8461,20.1031,19.2039,18.7423,18.0601,16.6452,15.4861,14.8876,13.8894,12.9046,11.9881,11.2987,10.2673,9.5866,9.0617,8.1987,7.5578,7.9594,7.308,6.953,7.1668,7.0235,7.0222,6.951,7.7767,8.7934,9.1179,9.8226,10.2838,11.3495,12.077,12.9684,13.8898
6920000,-68,52,15.4675,16.2792,16.9725,17.5533,18.5915,19.9684,20.6566,20.6719,20.9957,21.9392,22.1222,22.6673,23.1936,22.9864,23.4504,22.7945,22.686,22.2534,21.4862,20.952,20.2117,19.7832,19.0994,18.2619,17.4483,15.9675,15.3022,14.6541,13.3892,11.985,11.0605,10.1933,9.8741,8.6952,8.5395,7.1659,7.3617,7.0466,7.4003,6.6369,7.082,7.0835,7.3748,7.9787,8.362,9.1932,9.3298,10.1514,11.1277,12.2287,13.2554,14.1224
6940000,-63,52,14.9664,15.8792,17.0335,18.0326,18.8836,20.3318,20.2372,21.3273,20.9676,22.0407,22.5457,22.3066,23.1999,23.2189,22.8118,22.653,22.5061,21.6849,21.2406,20.7578,19.9784,19.3771,18.5092,17.5432,17.0681,16.4287,15.2095,14.062,12.8051,12.2908,11.2433,9.961,9.6658,8.9083,8.3016,8.0786,7.6636,7.4631,6.8718,6.9471,7.2757,7.3829,8.0432,8.0734,8.3371,9.6325,10.0005,10.231,11.5633,12.1665,12.8306,13.4024
6960000,-67,52,14.7927,15.6377,16.8341,17.769,18.3457,19.8216,20.4756,21.2726,21.3773,22.1713,22.5629,23.3397,23.1457,22.9909,23.2272,22.4714,22.082,22.433,21.7857,20.9359,19.6644,19.6105,18.953,17.9726,17.234,16.2426,14.4714,13.8917,13.2274,11.8938,11.1693,10.5401,9.4609,9.1149,8.4182,7.9044,7.6753,7.3109,6.8832,6.9936,7.444,6.9525,7.7781,8.2831,8.6998,8.617,9.8,11.0874,10.8881,12.2615,13.313,13.7467
6980000,-62,52,14.8677,15.4717,16.9704,17.8151,19.0469,19.4436,19.9775,21.2745,21.2104,22.2814,22.2085,23.056,23.5834,23.0253,22.8076,22.7347,22.3464,21.889,21.6371,20.5735,19.9866,19.6113,18.4366,18.0159,16.7693,15.9614,15.3071,13.977,13.3457,11.8199,11.0377,10.391,9.595,8.8528,8.0025,7.0975,7.5947,7.0782,6.8357,7.1823,7.3483,7.1449,7.3825,8.0382,8.6845,8.7257,9.9152,10.6035,11.4003,12.5615,12.5589,13.6866
7000000,-67,52,14.8818,16.142,16.8687,18.1542,18.3842,19.159,20.2585,20.3639,21.2233,21.8874,22.0835,22.9102,23.2012,23.3249,22.1482,23.1842,22.3088,22.5642,21.3145,20.8528,20.3311,19.5481,18.7837,17.5118,16.7767,15.6402,14.5748,13.87,13.2304,11.9652,11.1622,11.1892,9.8377,9.3971,8.1617,7.9098,7.3304,7.3511,7.2507,6.6922,6.9187,7.0839,7.4804,7.5465,7.4086,8.7985,9.589,10.8386,11.5267,12.2065,13.4935,14.0611
7020000,-56,52,15.2119,15.3893,16.8294,17.9996,19.1695,18.7882,20.3896,21.1291,21.2924,22.1611,22.3792,23.162,23.4739,23.2154,23.1015,23.1024,22.474,22.4471,21.5851,20.9783,20.5857,19.2717,18.8814,18.2497,17.2474,16.0523,14.813,13.7114,13.1185,12.5652,10.722,10.5488,9.6892,8.87,7.9185,8.6231,7.5343,7.4025,7.5705,6.869,7.1387,7.1851,7.6246,8.3567,8.3218,8.5141,9.3651,10.6849,11.5578,11.8676,13.0511,13.9914
7040000,-61,52,14.897,16.0524,16.8876,18.2232,19.098,18.8038,19.9791,20.4373,21.4941,22.3986,22.9612,22.9298,23.5092,22.6595,22.7316,22.4641,22.8034,22.6075,21.6089,20.9168,20.1672,19.3959,18.3995,18.1659,17.1426,16.0346,14.7926,14.7393,13.0802,12.5701,11.5598,10.3418,9.6533,9.2837,7.8453,8.2212,6.9768,7.6225,7.4212,7.6121,6.6785,7.5991,7.7062,8.1052,8.1904,9.3477,9.8081,10.3384,11.7496,11.9519,13.3223,14.5758
7060000,-69,52,14.7914,15.7939,17.0063,18.2529,18.5446,19.272,20.6516,21.0529,21.2884,22.1202,22.0395,22.6509,22.7564,23.3597,22.7267,22.6098,22.9399,22.402,21.6084,21.201,20.8697,19.5662,18.9602,17.7897,16.8864,15.7557,15.2832,14.5231,13.1679,12.1028,11.2653,10.1555,9.2999,8.4028,8.5181,7.8687,7.4503,6.9005,7.4382,6.8008,6.8343,6.9838,7.8045,8.347,8.049,8.9272,9.7013,10.7321,11.0882,12.569,12.9123,13.9744
7080000,-63,52,15.2765,16.4696,17.2934,18.2944,18.8373,19.633,19.9573,20.9829,21.3382,21.8672,23.1091,22.9928,22.5219,22.9224,22.6767,23.0748,22.4629,22.4133,21.5577,21.2036,20.1659,19.7,18.7531,17.5872,17.2562,15.6177,15.1517,13.8354,13.3745,11.6621,11.5721,10.7245,9.4474,8.2102,8.1909,7.975,7.7542,6.8987,7.2702,7.0497,6.9841,7.2275,7.6442,8.2633,7.8788,9.3017,9.8776,10.5395,11.4485,11.8393,12.9321,13.923
7100000,-71,52,14.6449,15.9353,17.3364,17.4862,18.4557,19.4468,20.4774,21.3218,21.6653,22.3156,22.3001,22.7029,22.8372,22.7617,23.2726,23.0872,22.0046,22.3913,21.6459,21.248,20.3859,20.0871,18.7383,17.743,16.3175,15.9196,14.7175,14.3941,13.1777,12.3877,11.1877,10.5425,9.2052,9.0763,8.7835,7.7533,6.9634,7.6503,7.2715,6.9825,7.1216,7.0827,7.3368,7.7751,8.0366,9.3864,9.6459,11.1061,11.6598,12.2929,13.023,13.9983
7120000,-71,52,15.2817,16.2039,16.5912,17.7225,18.3913,19.3718,20.3748,21.6785,21.538,21.9102,22.3741,22.4088,22.6344,23.1961,23.093,22.6642,22.413,22.3157,22.0641,20.7905,20.1577,20.0227,19.0807,17.5764,16.8505,15.5728,14.6438,14.1818,13.4854,11.7724,11.4884,10.2846,9.6259,8.7429,7.6982,7.8261,7.4905,6.6563,7.2167,7.0529,6.688,7.3761,7.4712,7.508,8.8793,8.6628,9.9885,9.9838,11.1683,12.5195,12.6662,13.5334
7140000,-58,52,15.2687,15.7657,17.3617,17.6133,18.0614,19.4231,20.2836,21.2551,21.7757,22.2209,22.7624,22.6259,22.9534,22.8233,23.7919,22.7404,22.6306,22.2001,21.5987,21.0602,20.0349,19.4962,18.3769,17.9858,16.9771,15.5751,14.3246,13.4787,13.1473,12.0576,11.5381,10.3638,10.2501,9.0516,8.3845,7.5018,8.1963,6.8433,6.9794,6.5842,7.1289,7.3552,7.4287,7.9349,8.262,9.3642,9.4145,10.5979,11.4288,12.702,12.7897,14.3365
7160000,-62,52,14.9871,15.5915,17.3905,17.899,18.7628,19.5333,20.4403,20.7629,21.7943,22.2982,22.4764,22.6149,22.4724,22.7584,23.1406,22.8766,22.5774,21.9624,21.2793,20.8365,20.7045,19.9943,18.5866,18.0185,16.5636,16.1387,14.9016,13.7869,12.9503,12.1329,11.1285,10.4533,9.6728,9.116,8.5525,8.0723,7.2255,7.306,7.6366,6.6111,7.1615,6.878,7.6588,8.4019,8.6222,9.2606,9.7522,10.7273,11.2265,11.8646,13.0937,14.3157
7180000,-71,52,14.8808,15.5604,16.1296,17.6112,19.2874,19.4601,20.0454,21.1099,21.8994,21.9933,22.4902,23.2025,23.2981,22.5734,22.9647,23.1136,22.5886,22.3384,21.6833,20.8914,20.2301,19.8347,18.6795,17.757,17.1525,16.2309,15.0218,14.3812,12.5171,12.3208,10.9805,10.3684,9.7238,8.7209,9.0806,7.9359,7.4183,7.5821,6.8929,7.1599,7.484,7.4285,7.4517,7.9583,9.3102,9.704,8.9846,10.6292,11.1475,12.0112,12.5452,13.9135
7200000,-63,52,14.8013,16.0911,17.6767,17.7177,19.1518,19.6486,20.1501,20.9411,21.6222,22.0788,22.6755,23.0121,22.3247,23.328,22.8024,22.7596,22.1795,21.7479,21.2315,21.0946,19.9518,19.3532,18.9059,17.1776,16.5652,15.7853,15.337,14.1334,13.0534,12.6662,11.7991,10.1604,9.3729,8.6829,8.6014,7.9205,7.0107,7.2144,6.9854,7.4073,6.8302,7.2998,7.195,8.6078,8.7747,9.3158,9.9449,10.0086,10.6659,12.0146,13.3147,14.2983
7220000,-58,52,14.9802,16.1618,16.7162,17.5915,18.3544,19.4193,20.4084,21.085,21.1617,22.4618,22.4171,23.2426,23.0379,22.8222,23.3207,22.6367,22.5207,21.4395,21.3806,20.9788,19.8769,19.6265,18.4902,18.1149,16.8914,15.7571,14.9279,14.3685,13.3127,12.1831,11.2865,10.4943,10.3562,9.0638,8.6759,7.8174,7.0942,7.1986,7.0015,7.0316,6.7691,7.1485,7.2131,8.3461,9.0848,8.8839,10.2247,10.6959,11.4239,11.997,13.1543,14.0764
7240000,-61,52,14.8469,16.0138,16.8863,18.0781,19.1844,19.6025,19.9037,21.0013,21.5448,21.9518,22.532,23.0002,23.164,22.997,22.829,22.7303,22.1367,21.7554,21.311,21.6829,20.4535,19.4672,18.5927,18.5658,17.3925,16.0498,14.8396,13.9745,12.908,12.3104,11.5623,10.3307,9.813,9.2768,8.9917,7.8869,7.5717,7.0474,7.6231,7.0498,6.9034,6.8112,7.5843,8.0378,8.007,8.9243,9.9448,10.5121,11.1469,12.141,13.0146,14.101
7260000,-72,52,15.1791,16.2086,16.8519,17.6648,18.8753,19.4755,20.6983,21.0764,21.6244,21.867,22.7232,22.5747,23.1989,23.2937,23.1908,23.482,22.4433,22.0624,21.185,21.0777,20.4372,19.5698,18.729,18.1069,17.1457,15.2202,15.3293,14.09,12.9882,12.0771,11.2835,10.3759,9.5259,9.0651,8.7057,8.1533,7.4561,7.2918,6.436,6.9635,6.8612,6.9421,7.5464,7.9784,8.5329,8.7778,10.1512,10.2123,11.2604,11.6317,13.231,14.0346
7280000,-67,52,14.0986,15.6891,17.4316,18.0738,18.4715,19.6164,19.5892,21.4611,21.7157,22.2529,22.2919,23.3283,23.0862,22.9327,22.8569,22.8693,22.3464,22.1843,21.861,21.5876,20.2895,19.6679,19.355,17.6489,16.886,15.9166,14.9332,14.5249,12.5414,12.3549,11.4986,10.2605,10.1399,9.0755,8.0468,8.1174,7.4339,7.4284,7.2682,7.225,6.822,6.9004,7.4013,8.2805,8.8595,8.9288,9.6598,10.7292,11.1406,11.7917,12.9113,14.2731
7300000,-68,52,15.3089,16.2063,17.489,18.3148,18.0581,19.3882,20.7616,21.2816,21.2882,22.0068,22.4916,22.5218,22.6503,22.7691,22.6483,22.9445,21.9259,22.3532,22.03,20.9336,20.5389,19.7841,19.3729,17.8332,16.6769,15.964,14.9369,14.0535,13.0839,11.8409,10.8307,9.7695,9.838,8.9909,8.66,7.9669,7.6102,7.102,6.9756,7.0344,6.6551,7.5114,7.5816,7.221,8.4994,8.3,9.8179,10.8472,11.2629,12.0074,13.172,14.2878
7320000,-65,52,14.9575,16.198,16.6123,17.9631,19.0561,19.4359,20.5953,21.2515,21.3251,22.038,22.3257,22.8382,23.0539,22.8566,23.1417,22.7649,22.4139,21.6316,21.5557,20.387,20.1351,19.7517,19.085,17.4861,16.9758,15.9651,14.7217,13.9481,13.2185,11.6863,11.6117,10.4432,9.3517,8.7825,8.7801,7.924,7.564,6.8462,7.2514,7.1225,7.0402,7.2446,7.0018,7.633,8.7411,9.2249,9.6857,10.2833,11.3249,12.6175,13.1848,14.3519
7340000,-55,52,15.3704,15.8311,16.4534,17.9558,18.7563,19.5556,20.3811,20.7271,21.0282,21.9285,22.9924,23.0585,23.208,22.8304,23.2392,22.7675,22.5428,22.1,21.1114,20.6595,20.1004,19.4156,18.7796,18.1512,17.2855,15.6586,15.0116,14.3614,13.4155,12.0068,11.3959,10.5229,9.3521,8.7489,8.3241,7.6643,7.7666,7.5365,7.1161,6.839,7.482,7.281,7.6699,7.499,8.6001,9.0962,9.7142,10.2142,11.0055,12.3361,12.808,14.313
7360000,-64,52,14.8686,16.5815,16.8699,18.139,18.2734,19.7153,20.6181,21.2023,21.5379,22.5123,22.6436,22.7841,23.0242,22.3465,22.8769,22.6078,22.6181,22.2457,20.9431,21.2109,20.3015,19.5583,19.0077,17.7643,17.1851,16.0224,15.267,13.8069,12.8415,11.56,10.7634,10.5627,9.1921,9.6316,8.2657,8.0097,7.7697,7.1159,7.0209,7.011,7.4145,7.4498,7.9039,7.8982,8.7145,9.3703,9.8116,10.5485,11.1829,12.2188,13.2739,14.4155
7380000,-62,52,14.9677,16.0113,16.5941,17.2906,18.7751,19.5947,20.1247,21.0288,21.8813,22.1915,22.6054,22.7862,22.6039,22.8624,22.8706,22.7866,22.3976,21.5942,21.9706,21.7565,20.646,19.8949,19.0002,17.6935,16.8227,16.0893,14.8677,13.8413,12.801,12.1045,10.9645,10.46,9.6969,8.7981,8.6667,7.3363,7.9498,6.9725,6.875,7.4461,7.3101,7.1855,7.5934,8.0669,7.5902,9.3401,9.8466,10.2526,11.313,12.1029,12.8911,13.8484
7400000,-72,52,14.6817,16.321,17.1718,17.0198,18.9692,19.4867,20.4361,20.796,21.1356,22.7029,23.4599,23.3311,22.7669,22.9612,22.8843,22.8939,22.2393,21.5769,21.49,20.8219,20.28,19.5521,18.4747,18.0329,17.1696,15.311,15.4772,13.818,13.6501,11.9902,11.2627,10.5736,10.2475,8.7374,8.6454,7.7113,7.1759,7.1307,7.3544,6.5603,6.9676,7.5566,7.6746,8.0021,8.6064,9.0874,10.0032,10.4847,11.7778,11.94,12.9581,14.4016
7420000,-63,52,15.1533,15.9386,16.8221,18.0572,18.7429,19.6409,20.2126,20.3788,21.5931,21.7059,22.6424,22.7119,22.7213,23.366,23.1681,22.4273,22.4815,21.9043,21.5615,21.5141,20.6063,19.5772,18.5223,17.3344,16.8342,15.8637,15.3187,14.3493,12.6919,11.8272,11.1647,10.42,9.8322,9.1929,8.6142,7.6681,7.4249,7.4875,6.8471,6.8719,7.3082,6.9808,7.5674,8.0153,8.0196,8.9699,9.6381,10.4869,11.0897,12.2937,13.1273,13.7618
7440000,-69,52,15.3836,15.1011,16.9884,17.9985,18.9045,19.3651,20.1705,20.7861,21.6459,21.9012,22.5785,22.6534,22.7308,23.1503,22.9278,22.4002,23.2046,22.1027,21.4458,20.991,20.2286,18.9407,18.0517,18.4237,16.9461,16.0673,14.9554,13.9016,12.5538,12.3481,10.8079,9.9936,9.8187,9.0517,8.3008,8.6151,7.6877,7.8838,6.9107,7.0235,7.4176,7.5182,7.5137,7.516,7.9896,9.1027,9.2453,10.7217,11.6167,12.4225,12.5619,14.4803
7460000,-61,52,14.832,15.5842,16.9153,17.7398,18.5813,19.5382,19.9584,20.5234,21.2186,21.6633,22.3446,23.0191,23.0934,23.009,23.0295,23.0772,22.5413,22.4472,21.5664,20.9263,20.644,19.3654,18.4615,17.326,16.8898,15.9608,15.2187,14.2921,13.1167,11.6888,10.5732,10.6002,9.7508,9.0556,8.3628,7.7809,6.9074,6.6886,7.4166,7.5246,6.7847,6.6798,6.7619,7.4481,8.4133,9.3603,9.8398,10.5925,11.1683,12.3456,12.7896,14.1372
7480000,-69,52,15.0287,15.9434,17.0273,17.4765,18.4982,19.1219,20.1185,21.1961,21.8212,21.8217,22.9138,22.8078,22.8201,22.7817,22.99,22.6134,23.0317,21.5413,21.8769,21.4646,20.2404,19.5975,19.1249,17.8197,16.9465,15.5857,15.133,13.8449,13.0553,12.1111,11.4249,10.0242,9.4956,9.2641,8.3333,7.7067,7.9098,6.6936,6.7294,7.3746,7.1776,7.1169,7.3063,8.3568,8.7529,8.4718,9.8275,10.1891,11.9697,12.1822,13.1432,14.3152
7500000,-56,52,15.067,15.3339,17.2375,18.3221,18.5828,19.1025,19.8668,20.5766,21.3654,21.9673,22.6982,22.4875,22.9496,23.0423,23.3613,22.5118,22.0396,21.7606,21.6864,20.7473,20.3277,19.7124,18.6397,17.9218,16.6319,16.0067,15.1341,13.6811,12.8957,12.3239,11.2303,10.2366,9.3477,8.4009,8.5579,7.7503,7.3935,7.1914,6.8034,7.4938,7.2346,7.0679,7.2873,7.9183,8.7643,8.998,9.8651,10.0957,10.6073,12.5098,12.9892,14.24
7520000,-62,52,14.7799,16.4249,17.0216,17.7142,18.8013,18.8977,20.5293,20.841,21.7624,22.2108,22.2122,23.0453,22.6677,22.9885,22.9241,23.0585,22.5651,22.0493,21.3918,20.6311,20.5647,19.9582,18.9672,17.8665,16.7804,16.4518,15.1584,13.7948,12.9881,12.6707,11.2018,10.4716,9.8227,9.0668,8.3128,7.9424,7.3665,7.2324,6.883,7.156,6.8456,6.9304,7.3829,7.7482,8.3616,8.9203,9.9096,10.6067,11.6476,12.114,13.1889,13.4157
7540000,-63,52,15.2491,15.4462,16.6489,17.8314,18.5344,19.5928,20.6721,21.1069,21.3293,22.5311,22.1904,22.9939,23.5722,22.9254,23.0833,23.1002,22.4516,22.1709,21.3865,21.1021,20.7404,19.5727,18.5713,17.9792,16.8033,15.9796,15.1037,13.86,12.8311,12.5739,11.5793,10.3928,9.5528,9.093,8.2489,7.7888,7.0478,7.1454,7.2691,6.6481,6.6857,7.4808,7.7502,7.9606,8.7345,8.833,9.3403,10.7365,11.4883,12.5763,13.1835,13.525
7560000,-64,52,15.5282,15.9843,16.6384,17.1725,18.5846,19.4425,20.4014,21.285,22.1464,22.4106,22.2104,22.5813,23.4371,22.8443,22.7633,23.185,22.4566,21.7756,21.9016,21.1088,20.0286,19.3557,18.6504,17.5696,17.2317,16.4557,14.4887,13.7259,13.1142,12.6854,11.247,11.0338,9.1061,9.0982,8.4157,7.7579,7.4946,7.045,7.0077,6.8207,6.8448,6.9626,7.6128,7.9898,8.1343,9.0753,9.9347,10.2495,11.5356,12.4032,12.9943,14.0836
7580000,-63,52,15.3408,16.484,16.7427,18.0154,18.8767,19.2839,20.2323,20.9627,21.647,22.2089,22.1289,22.947,23.0983,23.57,22.9733,22.8339,22.6117,22.3641,21.9613,20.8939,20.1769,19.5033,18.9518,17.8062,16.8116,15.7505,15.0504,13.9424,12.5068,11.9896,10.6898,10.6456,9.7353,8.3362,8.4586,7.8011,7.8091,7.0824,7.1703,6.3821,6.7756,6.5763,7.4688,8.1092,8.6432,9.5343,9.9663,11.067,11.1295,12.3125,13.4987,14.3915
7600000,-67,52,14.5167,15.7616,16.7107,17.9277,18.3662,19.4174,20.3794,20.9679,21.0306,22.4979,22.469,22.9421,22.6574,23.3923,23.098,22.4221,22.7967,22.3413,21.568,20.7746,20.134,19.5861,18.7274,17.648,17.0285,15.8286,14.4994,13.7901,13.1612,12.5925,11.1275,10.9479,9.738,8.916,8.6474,7.4984,7.1067,7.3594,7.2063,6.7052,7.2752,7.6055,7.3943,8.0764,7.9978,9.0402,9.4919,10.2482,11.2725,12.1661,13.2885,13.7877
7620000,-72,52,14.694,16.1358,16.7122,18.0711,18.8439,19.412,19.8794,20.8626,21.9258,21.9022,22.5812,22.6135,23.1261,23.0554,23.1969,22.9032,22.5954,21.8584,21.7468,20.604,20.2359,19.9131,19.0587,17.6319,16.9957,16.1196,15.218,13.9755,13.4348,12.8311,11.286,10.5674,9.8599,9.2511,8.2606,7.6966,7.5834,7.1489,6.701,6.672,7.3028,7.216,7.6501,7.4807,8.9931,9.1348,9.215,10.1881,11.3705,11.9339,13.1728,13.6254
7640000,-65,52,15.0628,16.1314,17.0907,17.5937,18.8819,19.8151,20.6771,21.005,21.2998,22.4916,22.0608,22.6644,23.3485,23.394,23.0623,22.2808,23.0005,22.416,22.0722,21.1727,20.3075,19.2448,19.0629,17.6107,16.3605,15.4772,15.1651,14.1867,12.8862,12.1677,11.0261,10.486,9.5724,9.1398,8.6618,7.7526,7.0221,6.8928,6.8129,6.6998,7.282,7.0735,7.6554,7.9044,8.6188,9.2345,9.8872,10.555,11.0656,12.1883,12.5004,14.4564
7660000,-64,52,14.8306,15.9928,17.1695,17.4996,18.4807,19.7199,20.4376,20.8883,21.9964,22.1501,22.8767,23.1422,22.9455,23.0283,22.5743,22.5243,22.9501,21.6387,21.5187,21.1376,20.4727,19.6123,18.9383,18.0099,16.9478,16.2316,15.1331,14.044,13.2141,12.6626,11.6285,10.7083,9.559,9.435,8.9739,8.0952,7.1203,7.2699,6.9071,6.8224,6.9351,7.1363,7.4391,7.7029,8.9572,9.5976,9.4748,10.4531,11.4586,11.7797,12.8751,13.6201
7680000,-55,52,15.1027,15.5767,16.8448,17.0487,18.5962,19.8996,19.9865,21.0028,21.2082,21.6626,22.5457,22.9622,22.9595,23.1824,22.6174,22.5629,22.308,22.3076,21.5077,20.9188,20.049,19.9462,18.3324,17.1803,16.8175,16.5786,14.8221,14.3429,13.1903,11.6854,10.7282,10.3483,8.9173,8.8045,8.278,8.2069,7.5637,7.077,7.072,6.9445,6.7565,7.2174,7.8004,8.1981,8.5419,9.2349,9.8035,10.9663,11.6287,11.8162,13.4342,14.2279
7700000,-67,52,14.8264,15.9012,16.9415,17.808,18.8677,19.6628,20.2476,20.5489,21.4641,21.9467,22.6679,22.5975,23.0868,23.2725,22.7479,22.6463,22.5005,22.1271,21.6924,20.8409,20.659,20.1224,19.0504,18.0398,16.9352,16.0049,15.4653,14.0751,12.9263,12.254,11.2526,10.3753,9.6894,9.0155,8.9678,7.6065,7.5663,7.1454,6.7801,6.8454,7.1938,7.5461,7.5013,7.9993,8.3313,8.6065,10.1773,10.6119,11.0815,12.061,13.116,13.6637
7720000,-67,52,15.1675,16.153,16.79,17.8658,18.471,19.3838,20.3978,20.9915,22.2624,21.9324,22.6947,23.039,23.2366,23.0704,22.3908,23.1665,22.4743,21.518,22.3533,21.2645,20.5099,19.3271,18.7901,18.1961,16.9546,15.9482,14.806,13.9408,13.1959,12.3748,11.7558,10.7566,9.3747,8.5139,8.3218,7.736,7.6539,7.0848,7.0182,7.0253,7.4418,7.0718,7.4925,8.0462,8.2664,9.0764,9.7373,10.5859,10.9073,12.6864,12.929,14.6838
7740000,-66,52,14.6756,16.0481,16.7528,17.5872,18.241,20.1063,20.6995,20.6793,21.1774,22.3006,22.5818,22.3718,23.2877,23.7362,23.2004,22.2066,22.6029,21.7669,21.6706,20.881,20.248,19.5258,19.2146,18.1372,16.632,15.6999,15.2172,14.4455,13.2618,12.2098,10.9797,10.3349,9.6704,9.2472,8.4373,7.7355,7.4827,7.5476,6.9571,7.1706,7.2335,6.8827,7.0386,8.0773,8.6984,9.0311,9.5948,10.8135,11.2737,11.8707,13.1072,13.7243
7760000,-71,52,14.9351,16.2948,17.0175,18.1398,18.6883,19.4402,21.0562,21.0452,21.4062,21.9619,22.7764,22.469,22.7514,23.4556,22.9269,22.898,22.4473,21.8668,21.6609,20.5874,20.3443,19.4782,18.7839,17.5018,17.3102,16.1743,15.3305,14.1429,12.9003,11.9164,11.4589,10.5737,9.0422,8.9906,8.4006,8.123,7.9789,7.3856,7.494,7.248,7.4843,6.5905,7.3349,8.1663,8.8796,8.6575,10.1114,10.9067,11.2918,11.858,13.6601,13.7412
7780000,-70,52,14.8302,16.1503,16.7894,17.4959,18.9194,19.0902,19.6665,20.6815,21.7856,22.3583,22.3487,22.3967,23.3422,23.3313,22.9107,22.8486,21.928,22.2462,21.5275,20.9649,20.5869,19.5022,18.7236,17.5196,16.8718,16.0341,14.911,13.723,13.4311,11.9583,11.2841,10.5257,9.3738,9.0463,8.5504,8.4531,6.9975,7.3287,7.3707,6.787,7.3801,7.6005,6.9687,8.2165,8.0286,9.0724,9.671,10.5766,11.6397,12.1995,12.7291,14.0176
7800000,-62,52,15.1011,16.4609,16.6708,17.349,19.0417,19.6424,20.3911,21.2864,21.3988,22.6011,22.3276,22.3321,23.1822,22.7388,22.6406,22.8025,22.4668,21.8231,21.8485,20.9785,20.7479,19.6059,18.6646,17.9915,17.1331,15.5573,15.4043,14.1919,12.612,11.9721,11.3173,10.0806,9.3034,9.291,8.7096,7.9718,7.5611,7.3308,7.5193,7.216,6.3807,6.8716,7.5611,7.8849,8.612,9.522,9.2486,10.2051,10.868,12.1398,12.9048,13.6924
7820000,-55,52,15.3157,15.8169,16.6254,17.7184,18.4428,20.1026,20.4592,21.5075,21.2607,22.1588,22.5086,22.7506,22.4415,23.2632,22.8004,22.6495,22.3301,21.992,21.7095,21.4333,19.5798,19.3797,18.7787,18.4569,16.8137,15.7678,14.7877,14.4407,12.7913,11.8087,11.4968,10.6398,8.9337,8.6792,7.5059,8.2144,7.4315,7.1692,6.8584,7.3151,7.1644,7.4995,7.8887,7.9076,8.6469,8.9505,9.3618,10.3201,11.3531,11.729,13.0884,14.1359
7840000,-68,52,15.0945,15.5126,16.9664,17.73,18.6947,19.4004,19.7196,21.0941,22.009,22.0986,22.7087,22.6993,22.9677,23.1452,23.2143,22.5211,22.8115,21.7015,21.7069,20.9216,20.171,19.3589,18.8126,17.1676,16.5624,15.4233,14.9248,13.9264,13.796,12.1697,11.3051,10.3094,10.0772,9.1479,8.6518,8.2682,8.1155,7.3955,7.1618,7.3448,6.7072,7.1437,8.133,7.4605,8.5781,9.0827,9.8009,10.6017,11.6397,12.0366,12.7863,13.6169
7860000,-63,52,15.1463,15.7414,17.3308,17.6915,18.8859,19.5649,19.9106,20.9691,21.3788,22.4119,22.2682,22.5061,22.9227,23.1171,22.6369,22.6896,22.3576,22.0034,21.0689,20.6147,20.421,19.4017,18.4231,17.8888,16.992,15.9719,15.0369,14.0767,12.8511,11.9291,10.9253,10.0476,10.0086,9.0006,8.1258,7.3678,7.4796,7.4392,7.1546,6.7221,6.8077,6.8831,7.3363,8.2312,8.5658,8.7006,9.8831,10.4624,11.2598,11.9132,12.8546,13.662
7880000,-63,52,15.3215,16.4875,17.0028,18.2314,18.1087,19.1814,20.4234,21.1652,21.5574,22.114,22.2562,22.6927,22.4093,23.168,23.0353,22.7212,22.1457,21.8068,21.4325,21.0385,20.3109,19.3211,18.4772,18.3632,17.1144,15.8018,14.8729,14.2063,13.1059,11.9334,11.2936,9.9902,9.9059,8.5259,8.4599,7.678,7.7426,7.2553,6.6806,7.274,7.4038,6.6911,7.3754,7.8726,8.6905,8.7351,9.9219,10.4527,10.7982,12.6822,12.9459,14.137
7900000,-66,52,15.2108,15.9112,17.2105,17.9098,18.2128,19.6621,20.6067,20.9308,21.4481,22.003,22.1418,22.5774,22.2843,23.0638,23.4366,22.3446,22.544,22.156,21.567,21.3965,20.168,19.6623,18.3645,18.0588,17.2254,15.986,15.2961,14.1812,13.4462,11.9973,11.5631,11.0235,9.0714,9.6204,9.0288,7.5204,7.4243,7.0874,7.4092,6.792,7.4189,7.1187,7.628,8.4051,8.3589,8.4141,9.4034,10.6679,11.2007,11.8449,13.342,14.6528
7920000,-59,52,15.1522,15.9761,16.9089,18.0215,18.1217,19.4568,20.3012,21.3986,21.5889,22.3508,22.0841,22.4678,23.3429,22.9392,23.0294,22.8962,22.5083,22.0854,21.8143,21.0904,20.0519,19.1851,18.4218,17.9002,17.1728,15.5578,15.7052,13.7763,12.9379,12.5734,11.2936,10.5333,9.5449,9.6987,8.6451,8.0254,7.8796,7.2703,6.8229,6.8802,7.5283,6.8961,7.4433,7.9309,8.173,8.8032,9.4863,10.8514,11.1381,12.6357,12.8547,13.6334
7940000,-63,52,15.2252,15.8186,17.3407,17.7545,18.8968,19.6097,20.1918,21.1745,21.2716,21.9362,22.1121,22.9503,23.0721,22.6021,22.8966,23.418,21.9391,22.4732,20.8358,20.6453,20.4183,18.8778,18.796,17.8265,17.2021,15.9421,14.397,13.9051,13.4639,12.3876,11.2998,11.1572,9.4035,9.1095,8.7121,8.1328,6.7733,6.8704,7.3505,7.4182,7.4289,7.0144,7.5976,7.3376,8.6424,9.0215,10.0186,10.3259,11.4124,12.2862,13.1033,14.1508
7960000,-66,52,14.586,16.0109,16.9944,17.7275,19.0477,19.6559,20.3654,21.1607,20.787,22.102,22.7693,22.8865,22.9658,22.4924,22.9808,22.8497,22.2878,21.5493,21.5694,20.5911,20.2354,19.1496,18.5221,17.8175,16.7261,16.0132,14.9374,13.4922,13.2399,11.9556,11.4229,10.253,9.2907,8.682,8.3478,7.9192,7.5194,6.8614,7.4032,6.6138,7.0143,7.3339,7.5497,7.9104,8.5771,8.7471,10.1429,10.688,11.5875,12.3098,13.7426,14.1788
7980000,-55,52,15.4926,15.3153,17.3052,18.0842,18.8934,19.5006,20.0359,20.9222,21.5506,22.3768,22.5612,22.7529,23.0917,22.647,22.9318,22.7804,22.1992,22.4898,21.5119,20.448,20.0593,20.0585,18.6861,18.3133,16.5877,15.6606,15.0031,14.4802,13.1675,12.1193,10.9432,10.4728,9.738,9.0261,8.4309,8.4799,7.7782,7.253,7.1754,6.9065,7.0488,7.2895,7.5484,7.5089,8.5063,8.6459,9.9312,10.9431,11.4853,12.1942,12.7054,14.381
